date,high,low,open,close,volume
1520883000,45.71,45.54,45.59,45.55,2055827
1520881200,45.595,45.49,45.49,45.59,223301
1520879400,45.54,45.43,45.53,45.49,206517
1520877600,45.69,45.48,45.66,45.52,215592
1520875800,45.74,45.66,45.69,45.66,165599
1520874000,45.7,45.635,45.64,45.69,177452
1520872200,45.71,45.595,45.69,45.64,153575
1520870400,45.725,45.61,45.67,45.69,245458
1520868600,45.67,45.48,45.48,45.66,297188
1520866800,45.61,45.4,45.53,45.47,245795
1520865000,45.78,45.52,45.78,45.54,350173
1520863200,45.835,45.67,45.68,45.79,494692
1520861400,45.87,45.49,45.55,45.68,989683
1520627400,45.46,45.26,45.46,45.37,2952363
1520625600,45.49,45.4,45.485,45.46,247206
1520623800,45.48,45.385,45.47,45.48,198172
1520622000,45.54,45.38,45.41,45.48,245154
1520620200,45.47,45.39,45.41,45.41,183481
1520618400,45.41,45.3,45.3,45.41,150945
1520616600,45.4,45.26,45.34,45.29,128362
1520614800,45.37,45.15,45.15,45.35,194163
1520613000,45.19,45.055,45.1,45.15,153711
1520611200,45.24,45.03,45.23,45.09,174048
1520609400,45.23,45.04,45.07,45.22,227963
1520607600,45.115,44.77,44.895,45.07,484494
1520605800,44.97,44.63,44.63,44.9,789514
1520541000,44.35,44.08,44.275,44.34,2013175
1520539200,44.3,44.235,44.27,44.28,260671
1520537400,44.265,44.075,44.1,44.265,406276
1520535600,44.11,44.04,44.09,44.1,123848
1520533800,44.11,44.01,44.05,44.08,161440
1520532000,44.155,44.01,44.12,44.05,140754
1520530200,44.12,44.02,44.08,44.12,131370
1520528400,44.1,43.94,44.07,44.07,151912
1520526600,44.09,43.94,43.96,44.07,203084
1520524800,44.12,43.95,43.97,43.96,300161
1520523000,44.16,43.97,44.13,43.97,239860
1520521200,44.23,44.06,44.16,44.13,240711
1520519400,44.4,44.12,44.31,44.15,581591
1520454600,44.335,44.19,44.26,44.2,2560039
1520452800,44.39,44.195,44.2,44.26,388378
1520451000,44.29,44.16,44.22,44.2,205882
1520449200,44.32,44.075,44.13,44.21,303588
1520447400,44.22,44.09,44.19,44.13,288195
1520445600,44.19,43.91,44.05,44.18,145623
1520443800,44.07,43.92,43.95,44.05,189691
1520442000,43.98,43.8,43.94,43.95,288785
1520440200,44.17,43.93,44.08,43.93,172206
1520438400,44.19,43.96,44.17,44.06,142800
1520436600,44.2,44.07,44.12,44.17,181428
1520434800,44.17,43.965,44.06,44.12,307251
1520433000,44.23,43.88,44.03,44.07,900464
1520368200,44.37,44.205,44.29,44.29,2042076
1520366400,44.37,44.22,44.37,44.3,265336
1520364600,44.44,44.26,44.26,44.37,186021
1520362800,44.34,44.18,44.3,44.25,237329
1520361000,44.51,44.26,44.47,44.295,184016
1520359200,44.58,44.42,44.48,44.47,231045
1520357400,44.49,44.265,44.28,44.48,215973
1520355600,44.47,44.27,44.46,44.29,155605
1520353800,44.48,44.14,44.23,44.46,257654
1520352000,44.49,44.215,44.27,44.23,254961
1520350200,44.67,44.27,44.62,44.28,264900
1520348400,44.69,44.44,44.49,44.62,330626
1520346600,44.785,44.48,44.67,44.49,1221963
1520281800,44.76,44.52,44.56,44.52,2688915
1520280000,44.65,44.53,44.62,44.56,205410
1520278200,44.63,44.48,44.48,44.62,184630
1520276400,44.63,44.38,44.62,44.46,161330
1520274600,44.675,44.485,44.615,44.62,160759
1520272800,44.71,44.6,44.62,44.61,160952
1520271000,44.62,44.5,44.56,44.62,172946
1520269200,44.675,44.45,44.55,44.56,222239
1520267400,44.57,44.335,44.4,44.55,275657
1520265600,44.51,44.22,44.25,44.4,396565
1520263800,44.26,43.88,43.93,44.26,264894
1520262000,44.04,43.7,44.01,43.92,290535
1520260200,44.05,43.77,43.92,44,904683
1520022600,44.2,43.775,43.78,44.06,3377671
1520020800,43.815,43.61,43.72,43.78,411134
1520019000,43.88,43.61,43.72,43.72,327546
1520017200,43.83,43.57,43.57,43.72,304937
1520015400,43.66,43.415,43.52,43.56,252367
1520013600,43.79,43.52,43.77,43.52,271767
1520011800,43.84,43.56,43.67,43.78,324465
1520010000,43.68,43.47,43.65,43.65,317886
1520008200,43.67,43.31,43.39,43.66,381341
1520006400,43.435,43.22,43.34,43.39,598393
1520004600,43.58,43.31,43.35,43.35,449834
1520002800,43.46,43.21,43.33,43.35,551305
1520001000,43.42,43.11,43.29,43.33,1338405
1519936200,43.975,43.57,43.88,43.8,3525503
1519934400,44.04,43.48,43.62,43.88,673175
1519932600,43.71,43.43,43.64,43.62,671884
1519930800,43.71,43.35,43.68,43.63,894075
1519929000,44.02,43.67,43.95,43.68,423566
1519927200,44.21,43.81,44.21,43.95,629478
1519925400,44.36,44.15,44.32,44.22,469865
1519923600,44.74,44.27,44.74,44.33,526983
1519921800,44.83,44.51,44.58,44.74,388598
1519920000,44.8,44.53,44.64,44.59,424390
1519918200,45,44.61,44.78,44.64,549773
1519916400,44.79,44.34,44.4,44.78,545388
1519914600,44.97,44.33,44.68,44.4,1339680
1519849800,45.29,44.78,45.19,44.78,5087712
1519848000,45.41,45.075,45.37,45.18,484807
1519846200,45.735,45.345,45.73,45.36,294804
1519844400,45.88,45.71,45.81,45.72,230014
1519842600,45.815,45.675,45.73,45.805,168884
1519840800,45.745,45.56,45.6,45.73,169549
1519839000,45.61,45.37,45.37,45.6,221506
1519837200,45.445,45.31,45.425,45.38,249383
1519835400,45.42,45.195,45.39,45.42,366157
1519833600,45.42,45.2,45.37,45.385,358226
1519831800,45.63,45.31,45.54,45.37,449628
1519830000,45.62,45.48,45.615,45.54,221529
1519828200,45.61,45.19,45.27,45.61,870251
1519763400,45.29,45.02,45.125,45.04,3440508
1519761600,45.16,44.995,45.13,45.12,375322
1519759800,45.24,45.05,45.12,45.14,230607
1519758000,45.17,45.01,45.13,45.13,263378
1519756200,45.21,45.06,45.16,45.12,176543
1519754400,45.19,45.01,45.07,45.16,198793
1519752600,45.08,44.73,44.77,45.07,264824
1519750800,44.93,44.625,44.76,44.78,288629
1519749000,45.02,44.76,44.96,44.76,309490
1519747200,45.16,44.92,45,44.96,314617
1519745400,45.37,44.95,45.35,45,404860
1519743600,45.45,44.985,44.985,45.355,471720
1519741800,45.605,44.93,45.5,44.97,1379660
1519677000,45.435,45.24,45.4,45.36,3515932
1519675200,45.445,45.305,45.305,45.41,360185
1519673400,45.35,45.22,45.34,45.31,289193
1519671600,45.38,45.275,45.28,45.34,256763
1519669800,45.33,45.205,45.28,45.27,319846
1519668000,45.29,45.085,45.085,45.29,370443
1519666200,45.12,44.875,44.93,45.09,619443
1519664400,44.93,44.82,44.825,44.93,304208
1519662600,44.84,44.68,44.75,44.82,228617
1519660800,44.75,44.49,44.5,44.75,385516
1519659000,44.65,44.43,44.45,44.51,376488
1519657200,44.62,44.43,44.45,44.46,515908
1519655400,44.55,44.2,44.2,44.45,1107277
1519417800,44.03,43.83,43.85,44,3132147
1519416000,43.9,43.69,43.7,43.85,362709
1519414200,43.75,43.45,43.5,43.69,299118
1519412400,43.52,43.425,43.44,43.5,166528
1519410600,43.45,43.39,43.435,43.44,155757
1519408800,43.44,43.31,43.36,43.44,141480
1519407000,43.37,43.25,43.3,43.36,150640
1519405200,43.48,43.28,43.39,43.29,257658
1519403400,43.4,43.17,43.18,43.39,381098
1519401600,43.26,43.095,43.12,43.17,282337
1519399800,43.16,42.93,42.96,43.12,323764
1519398000,43.31,42.96,43.27,42.96,438479
1519396200,43.44,43.23,43.34,43.27,868006
1519331400,43.11,42.75,43.045,42.94,3568477
1519329600,43.12,42.905,42.98,43.04,447447
1519327800,43.24,42.95,43.22,42.98,286793
1519326000,43.22,42.98,42.98,43.22,317546
1519324200,43.1,42.93,43.09,42.99,362376
1519322400,43.245,43.04,43.17,43.09,315878
1519320600,43.35,43.1,43.35,43.17,323852
1519318800,43.49,43.345,43.44,43.355,218446
1519317000,43.48,43.255,43.455,43.44,214450
1519315200,43.5,43.35,43.37,43.45,309672
1519313400,43.44,43.345,43.4,43.37,298887
1519311600,43.4,43.17,43.29,43.39,483339
1519309800,43.56,43.16,43.29,43.28,1242542
1519245000,43.9,43.29,43.82,43.31,3519295
1519243200,44.13,43.72,44.13,43.83,716308
1519241400,44.35,44.06,44.33,44.13,380641
1519239600,44.41,43.95,43.98,44.32,519507
1519237800,44.06,43.93,44.01,43.98,206789
1519236000,44.1,43.99,44.06,44,148397
1519234200,44.11,44.01,44.04,44.065,185747
1519232400,44.12,43.92,44.01,44.04,254844
1519230600,44.17,44.005,44.13,44.015,178397
1519228800,44.16,44.005,44.04,44.12,454647
1519227000,44.045,43.94,44.01,44.03,320333
1519225200,44.17,43.98,44.16,44.01,314431
1519223400,44.41,44.09,44.11,44.15,751618
1519158600,44.12,43.915,43.95,44.06,2636156
1519156800,44.12,43.84,44.07,43.95,468368
1519155000,44.315,44.06,44.22,44.07,206679
1519153200,44.39,44.18,44.385,44.22,216977
1519151400,44.425,44.3,44.315,44.38,180024
1519149600,44.5,44.25,44.5,44.32,281348
1519147800,44.59,44.47,44.53,44.5,198956
1519146000,44.685,44.495,44.655,44.52,214612
1519144200,44.66,44.525,44.61,44.655,222670
1519142400,44.62,44.13,44.145,44.605,297719
1519140600,44.28,44.06,44.22,44.145,267164
1519138800,44.43,44.19,44.4,44.23,308385
1519137000,44.45,43.82,44,44.4,1578189
1518813000,44.53,44.33,44.48,44.33,3699780
1518811200,44.56,44.44,44.53,44.49,365138
1518809400,44.56,44.41,44.47,44.53,297566
1518807600,44.58,44.3,44.51,44.48,387949
1518805800,44.65,44.36,44.5,44.51,325439
1518804000,44.765,44.45,44.76,44.5,238629
1518802200,44.94,44.7,44.86,44.75,213222
1518800400,44.92,44.79,44.9,44.85,169301
1518798600,44.94,44.67,44.85,44.89,263860
1518796800,45,44.835,44.97,44.85,469185
1518795000,45.09,44.75,44.79,44.97,747359
1518793200,44.795,44.47,44.75,44.795,662893
1518791400,44.97,43.89,43.97,44.745,2945519
1518726600,44.245,43.93,44.205,44.08,4164589
1518724800,44.24,43.98,43.98,44.21,756440
1518723000,44.21,43.96,44,43.98,654950
1518721200,44.06,43.89,43.94,44,633492
1518719400,43.96,43.7,43.79,43.94,412963
1518717600,44,43.74,43.81,43.79,488217
1518715800,43.83,43.57,43.57,43.82,387718
1518714000,43.58,43.44,43.49,43.57,387497
1518712200,43.57,43.34,43.46,43.5,442352
1518710400,43.7,43.27,43.31,43.46,755407
1518708600,43.92,43.28,43.83,43.31,1014190
1518706800,43.93,43.51,43.88,43.83,1255192
1518705000,45.1,43.58,45.02,43.88,6491844
1518640200,42.195,42.03,42.12,42.09,3851810
1518638400,42.22,41.95,41.95,42.12,432939
1518636600,42.12,41.87,42.09,41.945,629289
1518634800,42.25,42.1,42.1,42.1,412271
1518633000,42.24,42.035,42.05,42.1,377599
1518631200,42.25,41.97,42.05,42.035,460745
1518629400,42.05,41.83,41.84,42.05,426459
1518627600,41.91,41.72,41.78,41.83,330147
1518625800,41.99,41.7,41.98,41.78,355169
1518624000,42,41.68,41.84,41.985,424283
1518622200,41.89,41.55,41.67,41.84,506384
1518620400,41.81,41.35,41.365,41.67,822802
1518618600,41.56,40.99,41.05,41.36,1502185
1518553800,41.3,41.13,41.13,41.23,2995788
1518552000,41.27,41.115,41.215,41.14,413144
1518550200,41.245,40.995,41.09,41.215,436007
1518548400,41.155,40.945,40.975,41.09,429040
1518546600,40.975,40.83,40.86,40.97,282516
1518544800,40.94,40.6,40.67,40.86,252525
1518543000,40.68,40.52,40.63,40.66,284885
1518541200,40.74,40.61,40.685,40.62,197221
1518539400,40.735,40.505,40.58,40.69,256274
1518537600,40.72,40.45,40.57,40.59,395406
1518535800,40.685,40.395,40.405,40.57,390833
1518534000,40.61,40.34,40.39,40.41,407297
1518532200,40.53,40.22,40.5,40.39,1278629
1518467400,40.81,40.51,40.79,40.6,4222939
1518465600,40.85,40.68,40.71,40.78,374332
1518463800,40.825,40.61,40.76,40.71,340493
1518462000,40.87,40.685,40.855,40.76,463468
1518460200,40.895,40.59,40.69,40.85,369231
1518458400,40.755,40.545,40.67,40.69,351739
1518456600,40.77,40.61,40.77,40.66,232169
1518454800,40.9,40.67,40.76,40.78,485554
1518453000,40.76,40.44,40.5,40.76,487460
1518451200,40.65,40.415,40.55,40.515,581308
1518449400,40.62,40.34,40.42,40.54,591948
1518447600,40.85,40.225,40.56,40.4,869194
1518445800,40.87,40.34,40.49,40.55,1988233
1518208200,39.92,39.205,39.235,39.53,4684584
1518206400,39.325,38.795,39.18,39.22,893463
1518204600,39.42,38.98,39.11,39.19,675629
1518202800,39.475,38.69,38.69,39.1,957490
1518201000,38.88,38.23,38.34,38.69,771704
1518199200,38.78,38.29,38.78,38.34,886712
1518197400,38.81,38.28,38.43,38.79,729090
1518195600,38.85,38.43,38.77,38.43,680580
1518193800,39.24,38.76,38.99,38.77,482284
1518192000,39.4,38.97,39.12,39,555885
1518190200,39.35,38.88,39.19,39.12,757863
1518188400,39.39,39.06,39.37,39.195,686519
1518186600,39.6,39.14,39.2,39.365,1335564
1518121800,39.51,38.72,39.45,38.77,4804110
1518120000,39.62,39.31,39.44,39.44,1055477
1518118200,39.63,39.36,39.54,39.44,643869
1518116400,39.83,39.51,39.72,39.54,565184
1518114600,39.88,39.4,39.4,39.73,717317
1518112800,39.74,39.335,39.41,39.41,780719
1518111000,39.865,39.32,39.68,39.41,785856
1518109200,40.08,39.56,39.97,39.68,539992
1518107400,40.17,39.88,39.98,39.965,610844
1518105600,40.35,39.9,40.23,39.99,603178
1518103800,40.41,40.04,40.34,40.24,576742
1518102000,40.6,40.305,40.53,40.34,585071
1518100200,40.755,40.3,40.44,40.52,1356603
1518035400,40.84,40.33,40.76,40.34,3613811
1518033600,40.86,40.48,40.5,40.77,470411
1518031800,40.765,40.29,40.75,40.51,413264
1518030000,40.755,40.41,40.63,40.755,323947
1518028200,40.68,40.38,40.41,40.65,321319
1518026400,40.74,40.21,40.66,40.42,583332
1518024600,40.78,40.57,40.755,40.64,270295
1518022800,40.935,40.705,40.925,40.75,255921
1518021000,41.06,40.84,41.03,40.93,369011
1518019200,41.2,40.835,40.89,41.03,537333
1518017400,40.885,40.565,40.765,40.885,432184
1518015600,40.915,40.48,40.5,40.78,688887
1518013800,40.65,40.03,40.31,40.51,1495652
1517949000,40.3,39.88,40.06,40.17,4637776
1517947200,40.17,39.77,39.8,40.06,848426
1517945400,39.83,39.02,39.09,39.79,635750
1517943600,39.26,38.965,39.14,39.09,659584
1517941800,39.44,39.12,39.42,39.15,589189
1517940000,39.53,39.19,39.47,39.41,495758
1517938200,39.83,39.37,39.59,39.48,570416
1517936400,39.64,39.06,39.06,39.59,509877
1517934600,39.24,38.765,38.975,39.05,640546
1517932800,39.27,38.82,39.06,39,1065379
1517931000,39.54,38.54,38.83,39.05,1285132
1517929200,39.44,38.67,39.07,38.82,1485341
1517927400,39.47,37.35,38.01,39.07,2857102
1517862600,40.23,38.73,40.23,38.78,12024749
1517860800,40.42,39.51,40.34,40.24,1558195
1517859000,40.66,40.33,40.645,40.33,634533
1517857200,40.93,40.59,40.93,40.65,512261
1517855400,40.95,40.69,40.78,40.92,381586
1517853600,41.04,40.68,41.04,40.77,446430
1517851800,41.15,40.965,41.01,41.05,240517
1517850000,41.17,40.93,41.16,41.02,320531
1517848200,41.23,41.12,41.23,41.16,320950
1517846400,41.405,41.21,41.32,41.23,288657
1517844600,41.4,41.1,41.22,41.32,427547
1517842800,41.27,40.725,40.85,41.22,722883
1517841000,41.13,40.765,40.87,40.85,1775684
1517603400,41.19,40.89,41.16,40.93,3899447
1517601600,41.31,41.165,41.26,41.165,349600
1517599800,41.45,41.225,41.34,41.26,287741
1517598000,41.475,41.315,41.45,41.34,190599
1517596200,41.51,41.39,41.47,41.46,172013
1517594400,41.53,41.38,41.49,41.46,220071
1517592600,41.58,41.49,41.58,41.5,157370
1517590800,41.6,41.35,41.38,41.59,200113
1517589000,41.565,41.38,41.515,41.39,242237
1517587200,41.65,41.51,41.58,41.51,222875
1517585400,41.785,41.55,41.67,41.58,376145
1517583600,41.77,41.44,41.67,41.67,384678
1517581800,41.95,41.49,41.5,41.68,851151
1517517000,41.74,41.59,41.73,41.7,3415705
1517515200,41.91,41.74,41.85,41.74,205317
1517513400,41.88,41.79,41.8,41.86,189744
1517511600,41.93,41.69,41.86,41.81,287232
1517509800,42.06,41.855,42.06,41.86,189084
1517508000,42.11,41.985,41.99,42.07,201828
1517506200,42.02,41.9,41.97,41.99,132335
1517504400,42.03,41.88,41.9,41.96,175258
1517502600,41.94,41.86,41.87,41.89,171964
1517500800,41.905,41.765,41.785,41.865,250226
1517499000,41.81,41.65,41.74,41.78,285032
1517497200,41.8,41.495,41.57,41.745,421843
1517495400,41.645,40.67,41.02,41.58,1192534
1517430600,41.59,41.43,41.45,41.54,4593180
1517428800,41.53,41.35,41.47,41.45,445141
1517427000,41.51,41.37,41.47,41.47,524939
1517425200,41.77,41.415,41.65,41.47,688847
1517423400,41.76,41.62,41.71,41.655,218922
1517421600,41.87,41.68,41.72,41.71,326420
1517419800,41.74,41.67,41.67,41.72,195914
1517418000,41.67,41.58,41.58,41.66,273392
1517416200,41.755,41.58,41.67,41.58,232073
1517414400,41.84,41.67,41.84,41.67,284953
1517412600,41.95,41.71,41.94,41.84,333221
1517410800,42.005,41.69,41.695,41.94,387789
1517409000,41.98,41.55,41.98,41.695,1134469
1517344200,42.42,42.225,42.33,42.25,2176816
1517342400,42.35,42.16,42.16,42.325,236187
1517340600,42.235,42.15,42.23,42.17,196497
1517338800,42.245,42.14,42.155,42.23,203000
1517337000,42.22,42.04,42.06,42.16,200662
1517335200,42.11,41.97,42.11,42.065,250226
1517333400,42.26,42.07,42.26,42.11,299858
1517331600,42.325,42.21,42.23,42.26,218838
1517329800,42.405,42.19,42.24,42.23,288065
1517328000,42.37,42.22,42.32,42.24,301758
1517326200,42.38,42.13,42.34,42.33,495515
1517324400,42.6,42.32,42.57,42.33,556765
1517322600,42.86,42.54,42.56,42.57,1231368
1517257800,42.915,42.74,42.86,42.85,2886662
1517256000,42.93,42.84,42.865,42.865,358703
1517254200,42.87,42.76,42.77,42.87,216585
1517252400,42.84,42.765,42.765,42.775,153774
1517250600,42.87,42.76,42.87,42.76,155847
1517248800,42.96,42.88,42.945,42.88,158183
1517247000,42.975,42.84,42.87,42.94,268829
1517245200,42.89,42.76,42.78,42.865,188067
1517243400,42.87,42.775,42.82,42.78,211666
1517241600,42.87,42.69,42.76,42.83,339016
1517239800,42.775,42.62,42.77,42.755,345099
1517238000,42.805,42.62,42.75,42.77,384345
1517236200,42.85,42.35,42.35,42.75,1009468
1516998600,42.56,42.38,42.4,42.56,3912162
1516996800,42.405,42.19,42.2,42.405,265214
1516995000,42.285,42.19,42.24,42.2,166540
1516993200,42.31,42.23,42.27,42.25,176403
1516991400,42.31,42.23,42.255,42.275,144023
1516989600,42.27,42.18,42.21,42.26,127892
1516987800,42.24,42.14,42.16,42.2,153151
1516986000,42.21,42.06,42.07,42.16,192144
1516984200,42.09,42.02,42.035,42.07,111501
1516982400,42.11,42.03,42.07,42.035,143892
1516980600,42.09,41.955,41.975,42.07,328160
1516978800,42.11,41.97,42.1,41.98,240697
1516977000,42.26,41.955,42.04,42.1,882085
1516912200,41.94,41.87,41.89,41.9,1944241
1516910400,41.95,41.83,41.88,41.89,162941
1516908600,41.94,41.84,41.92,41.88,169898
1516906800,42.04,41.9,41.985,41.925,133738
1516905000,42.05,41.92,41.92,41.99,117476
1516903200,42.01,41.885,41.935,41.93,140719
1516901400,42.025,41.93,42.02,41.94,136485
1516899600,42.14,42.01,42.07,42.02,133928
1516897800,42.23,42.05,42.18,42.065,230476
1516896000,42.24,42.14,42.17,42.17,189295
1516894200,42.255,42.08,42.19,42.18,208968
1516892400,42.37,42.14,42.22,42.18,325187
1516890600,42.47,42.145,42.36,42.225,1047005
1516825800,42.29,42.16,42.215,42.17,3182170
1516824000,42.295,42.195,42.27,42.215,177576
1516822200,42.32,42.21,42.245,42.28,162217
1516820400,42.245,42.155,42.2,42.245,169651
1516818600,42.25,42.06,42.06,42.2,217363
1516816800,42.23,42.02,42.22,42.07,292212
1516815000,42.28,42.16,42.23,42.23,187791
1516813200,42.38,42.2,42.365,42.24,214092
1516811400,42.47,42.28,42.42,42.37,378516
1516809600,42.57,42.365,42.56,42.43,388374
1516807800,42.68,42.52,42.62,42.56,389580
1516806000,42.685,42.57,42.655,42.62,428615
1516804200,42.685,42.25,42.27,42.655,1240738
1516739400,42.12,42.065,42.115,42.1,2214183
1516737600,42.125,42,42.06,42.115,190851
1516735800,42.09,41.99,42.005,42.065,219657
1516734000,42.095,41.94,42.095,42.01,161566
1516732200,42.125,42.05,42.065,42.09,139002
1516730400,42.085,42.015,42.02,42.065,138122
1516728600,42.08,41.95,42.075,42.02,147710
1516726800,42.115,42.045,42.065,42.08,208049
1516725000,42.09,42.005,42.035,42.065,173828
1516723200,42.105,41.88,41.88,42.035,650377
1516721400,41.915,41.73,41.755,41.87,415520
1516719600,41.8,41.7,41.725,41.75,424318
1516717800,41.89,41.57,41.67,41.74,899280
1516653000,41.66,41.54,41.56,41.66,4257697
1516651200,41.59,41.55,41.57,41.56,188815
1516649400,41.605,41.53,41.555,41.58,203343
1516647600,41.58,41.53,41.58,41.56,202259
1516645800,41.59,41.52,41.53,41.58,226171
1516644000,41.53,41.455,41.47,41.53,119871
1516642200,41.53,41.46,41.5,41.47,194017
1516640400,41.53,41.46,41.52,41.5,145276
1516638600,41.53,41.335,41.36,41.53,230100
1516636800,41.4,41.33,41.4,41.37,241641
1516635000,41.5,41.39,41.48,41.41,260190
1516633200,41.52,41.3,41.32,41.48,403127
1516631400,41.365,41.02,41.2,41.33,1084782
1516393800,41.34,41.17,41.25,41.29,4974879
1516392000,41.265,41.2,41.23,41.25,224384
1516390200,41.27,41.145,41.15,41.235,127863
1516388400,41.19,41.11,41.115,41.14,140782
1516386600,41.22,41.105,41.22,41.11,242290
1516384800,41.27,41.2,41.26,41.23,127753
1516383000,41.315,41.25,41.29,41.26,90300
1516381200,41.345,41.18,41.205,41.29,208032
1516379400,41.325,41.205,41.325,41.205,128696
1516377600,41.37,41.225,41.31,41.32,203020
1516375800,41.42,41.31,41.385,41.31,250727
1516374000,41.405,41.28,41.34,41.38,234622
1516372200,41.51,41.27,41.31,41.34,2902294
1516307400,41.32,41.22,41.28,41.3,2977871
1516305600,41.42,41.285,41.42,41.29,129854
1516303800,41.465,41.38,41.46,41.43,191012
1516302000,41.48,41.34,41.35,41.465,267590
1516300200,41.37,41.255,41.3,41.36,119572
1516298400,41.385,41.29,41.35,41.3,68217
1516296600,41.4,41.335,41.35,41.35,105611
1516294800,41.38,41.23,41.25,41.36,167330
1516293000,41.285,41.165,41.21,41.25,139609
1516291200,41.3,41.12,41.165,41.215,177212
1516289400,41.18,41.055,41.07,41.17,143567
1516287600,41.13,41.04,41.12,41.065,222802
1516285800,41.35,41.04,41.09,41.12,735046
1516221000,41.3,41.14,41.25,41.2,2954542
1516219200,41.3,41.205,41.205,41.25,202169
1516217400,41.24,41.125,41.135,41.21,213329
1516215600,41.15,41.025,41.03,41.135,154146
1516213800,41.09,41.005,41.065,41.03,211897
1516212000,41.165,41.065,41.1,41.07,121859
1516210200,41.175,41.07,41.07,41.1,209080
1516208400,41.18,41.07,41.175,41.08,218399
1516206600,41.31,41.16,41.295,41.17,237564
1516204800,41.315,41.06,41.09,41.29,375151
1516203000,41.16,40.97,40.995,41.11,348636
1516201200,41.04,40.855,40.86,40.99,397880
1516199400,40.93,40.71,40.85,40.86,905059
1516134600,40.65,40.45,40.51,40.54,7598249
1516132800,40.52,40.41,40.41,40.52,224593
1516131000,40.49,40.32,40.435,40.41,293050
1516129200,40.5,40.4,40.45,40.43,318235
1516127400,40.61,40.41,40.61,40.44,228730
1516125600,40.67,40.585,40.63,40.6,157776
1516123800,40.71,40.615,40.66,40.63,149945
1516122000,40.71,40.5,40.5,40.66,223413
1516120200,40.93,40.495,40.92,40.5,686074
1516118400,40.99,40.835,40.865,40.93,270059
1516116600,41.02,40.81,40.94,40.87,330027
1516114800,41.08,40.93,41.01,40.94,380291
1516113000,41.16,40.82,40.9,41.015,1399196
1515789000,40.93,40.81,40.845,40.87,4293382
1515787200,40.845,40.63,40.69,40.84,343843
1515785400,40.73,40.66,40.675,40.68,234679
1515783600,40.75,40.67,40.73,40.68,167229
1515781800,40.74,40.61,40.63,40.73,206677
1515780000,40.65,40.57,40.61,40.63,202075
1515778200,40.61,40.47,40.49,40.61,163177
1515776400,40.535,40.42,40.46,40.5,119874
1515774600,40.505,40.395,40.4,40.45,209358
1515772800,40.49,40.32,40.465,40.39,231543
1515771000,40.48,40.21,40.24,40.46,278759
1515769200,40.255,40.155,40.16,40.24,170074
1515767400,40.31,40.05,40.14,40.165,784596
1515702600,40.105,40.025,40.07,40.1,1514503
1515700800,40.07,39.935,39.97,40.07,256627
1515699000,40.005,39.9,39.97,39.97,234429
1515697200,40.095,39.97,40.095,39.97,234292
1515695400,40.16,40.1,40.155,40.1,85012
1515693600,40.16,40.105,40.155,40.15,117757
1515691800,40.21,40.09,40.09,40.15,221159
1515690000,40.105,40.01,40.09,40.085,132155
1515688200,40.1,39.99,40.01,40.09,188915
1515686400,40.07,39.93,39.94,40.01,274191
1515684600,39.94,39.83,39.87,39.94,181961
1515682800,39.87,39.775,39.78,39.86,215928
1515681000,40,39.755,40,39.77,827566
1515616200,39.91,39.805,39.82,39.91,2156215
1515614400,39.855,39.79,39.79,39.82,217703
1515612600,39.8,39.71,39.725,39.79,125955
1515610800,39.9,39.695,39.89,39.72,183272
1515609000,39.92,39.85,39.88,39.89,168819
1515607200,39.9,39.84,39.855,39.88,137278
1515605400,39.875,39.81,39.84,39.86,120840
1515603600,39.86,39.76,39.86,39.83,127515
1515601800,39.895,39.76,39.82,39.85,251385
1515600000,39.95,39.79,39.89,39.82,170927
1515598200,40.085,39.87,39.94,39.89,247787
1515596400,40.05,39.745,39.82,39.94,428711
1515594600,40.24,39.74,39.79,39.82,1515412
1515529800,39.875,39.65,39.87,39.69,3129401
1515528000,39.88,39.82,39.83,39.87,107370
1515526200,39.85,39.785,39.795,39.83,119525
1515524400,39.915,39.78,39.915,39.795,89158
1515522600,39.955,39.9,39.93,39.915,116123
1515520800,39.93,39.84,39.845,39.93,139422
1515519000,39.885,39.82,39.835,39.85,76752
1515517200,39.945,39.83,39.905,39.835,82545
1515515400,39.915,39.825,39.915,39.91,109286
1515513600,39.915,39.81,39.815,39.915,144566
1515511800,39.865,39.71,39.865,39.815,150632
1515510000,39.875,39.545,39.545,39.86,328297
1515508200,39.88,39.54,39.88,39.54,778684
1515443400,39.96,39.855,39.86,39.94,3341652
1515441600,39.92,39.85,39.865,39.855,121384
1515439800,39.885,39.83,39.835,39.865,71639
1515438000,39.9,39.83,39.875,39.835,98627
1515436200,39.895,39.77,39.815,39.87,108610
1515434400,39.885,39.81,39.81,39.83,158597
1515432600,39.815,39.64,39.695,39.81,114181
1515430800,39.725,39.665,39.69,39.695,100583
1515429000,39.77,39.67,39.74,39.685,131687
1515427200,39.75,39.65,39.65,39.735,140898
1515425400,39.67,39.475,39.475,39.65,164871
1515423600,39.515,39.425,39.425,39.47,120897
1515421800,39.58,39.36,39.36,39.425,713047
1515184200,39.59,39.48,39.51,39.53,2928769
1515182400,39.515,39.455,39.455,39.51,193831
1515180600,39.475,39.425,39.425,39.455,149558
1515178800,39.45,39.39,39.45,39.425,184352
1515177000,39.54,39.45,39.535,39.45,115370
1515175200,39.605,39.525,39.59,39.54,155716
1515173400,39.6,39.52,39.555,39.585,229406
1515171600,39.57,39.495,39.555,39.555,152813
1515169800,39.555,39.41,39.46,39.555,259569
1515168000,39.53,39.44,39.47,39.46,245967
1515166200,39.5,39.37,39.495,39.47,271370
1515164400,39.68,39.455,39.64,39.495,297144
1515162600,39.88,39.41,39.56,39.63,1617720
1515097800,39.115,38.985,39.07,38.99,2458890
1515096000,39.08,39.025,39.03,39.06,130601
1515094200,39.05,38.99,38.99,39.02,138006
1515092400,39.07,38.99,39.015,38.99,133814
1515090600,39.025,38.94,38.98,39.01,167606
1515088800,39.1,38.965,39.08,38.99,147477
1515087000,39.16,39.06,39.08,39.075,124045
1515085200,39.19,39.07,39.15,39.09,158724
1515083400,39.22,39.13,39.14,39.14,184293
1515081600,39.3,39.13,39.26,39.13,218570
1515079800,39.5,39.205,39.5,39.26,317764
1515078000,39.54,39.22,39.24,39.5,567803
1515076200,39.3,39.01,39.01,39.24,1071761
1515011400,39.285,39.125,39.255,39.17,3192397
1515009600,39.28,39,39.01,39.255,424829
1515007800,39.15,38.975,39.145,39.02,181865
1515006000,39.15,38.84,38.845,39.145,329870
1515004200,39.04,38.825,39.02,38.84,147641
1515002400,39.09,39.015,39.04,39.02,146530
1515000600,39.04,38.895,38.925,39.035,221289
1514998800,38.92,38.82,38.82,38.92,141859
1514997000,38.96,38.81,38.945,38.82,145657
1514995200,38.945,38.815,38.815,38.94,148473
1514993400,38.85,38.8,38.81,38.815,172705
1514991600,38.89,38.765,38.815,38.81,201882
1514989800,38.875,38.54,38.78,38.81,1076679
1514925000,38.89,38.83,38.875,38.86,2311216
1514923200,38.875,38.78,38.795,38.875,230407
1514921400,38.815,38.745,38.775,38.79,214745
1514919600,38.78,38.68,38.685,38.78,166460
1514917800,38.725,38.65,38.695,38.68,158675
1514916000,38.69,38.565,38.565,38.69,159283
1514914200,38.585,38.55,38.585,38.56,48730
1514912400,38.595,38.51,38.565,38.58,158457
1514910600,38.63,38.55,38.62,38.565,127003
1514908800,38.675,38.58,38.67,38.61,171865
1514907000,38.81,38.66,38.8,38.665,195340
1514905200,38.945,38.72,38.91,38.79,290299
1514903400,38.91,38.43,38.52,38.91,802807
1514579400,38.5,38.3,38.5,38.3,4049373
1514577600,38.535,38.465,38.48,38.5,127790
1514575800,38.49,38.455,38.485,38.485,59553
1514574000,38.505,38.46,38.47,38.485,92914
1514572200,38.515,38.44,38.515,38.465,71705
1514570400,38.525,38.49,38.525,38.515,58279
1514568600,38.58,38.52,38.555,38.525,79830
1514566800,38.58,38.55,38.58,38.55,50635
1514565000,38.58,38.5,38.51,38.58,148068
1514563200,38.51,38.45,38.48,38.505,157665
1514561400,38.58,38.46,38.54,38.48,181575
1514559600,38.55,38.48,38.54,38.545,153981
1514557800,38.62,38.41,38.41,38.54,1020956
1514493000,38.59,38.505,38.51,38.59,1531532
1514491200,38.515,38.485,38.505,38.515,61061
1514489400,38.505,38.475,38.48,38.505,47145
1514487600,38.51,38.46,38.51,38.48,46503
1514485800,38.54,38.49,38.535,38.51,37689
1514484000,38.595,38.535,38.59,38.535,29140
1514482200,38.6,38.59,38.595,38.59,47732
1514480400,38.615,38.58,38.61,38.595,85088
1514478600,38.63,38.565,38.59,38.61,153416
1514476800,38.605,38.56,38.56,38.6,87129
1514475000,38.565,38.5,38.51,38.56,173872
1514473200,38.535,38.46,38.53,38.515,197662
1514471400,38.66,38.48,38.64,38.53,599820
1514406600,38.585,38.515,38.53,38.56,1755492
1514404800,38.545,38.49,38.49,38.525,80717
1514403000,38.49,38.45,38.49,38.485,62840
1514401200,38.505,38.465,38.505,38.495,41891
1514399400,38.52,38.49,38.505,38.505,38978
1514397600,38.55,38.48,38.525,38.5,63130
1514395800,38.52,38.47,38.5,38.52,49452
1514394000,38.55,38.5,38.51,38.51,79288
1514392200,38.61,38.52,38.595,38.52,80954
1514390400,38.65,38.595,38.64,38.595,95171
1514388600,38.64,38.57,38.58,38.64,151727
1514386800,38.605,38.49,38.49,38.59,215506
1514385000,38.565,38.46,38.54,38.48,535064
1514320200,38.49,38.405,38.41,38.48,1271594
1514318400,38.46,38.405,38.46,38.405,87810
1514316600,38.46,38.41,38.42,38.46,68694
1514314800,38.42,38.36,38.4,38.41,51125
1514313000,38.43,38.365,38.43,38.4,72941
1514311200,38.445,38.4,38.445,38.42,35212
1514309400,38.47,38.41,38.415,38.45,61732
1514307600,38.51,38.375,38.46,38.415,108171
1514305800,38.48,38.42,38.48,38.45,47225
1514304000,38.59,38.465,38.57,38.48,125575
1514302200,38.635,38.57,38.605,38.57,132522
1514300400,38.635,38.59,38.6,38.6,173198
1514298600,38.675,38.42,38.51,38.6,595864
1513974600,38.605,38.53,38.595,38.55,1889093
1513972800,38.66,38.58,38.65,38.59,70256
1513971000,38.675,38.61,38.65,38.66,78212
1513969200,38.67,38.59,38.61,38.65,100338
1513967400,38.63,38.56,38.58,38.62,88229
1513965600,38.61,38.56,38.575,38.58,53557
1513963800,38.63,38.54,38.63,38.57,57598
1513962000,38.63,38.52,38.54,38.63,90438
1513960200,38.63,38.53,38.58,38.54,148680
1513958400,38.61,38.485,38.58,38.585,113515
1513956600,38.62,38.51,38.53,38.585,134442
1513954800,38.68,38.515,38.62,38.54,146316
1513953000,38.74,38.47,38.52,38.62,946014
1513888200,38.64,38.49,38.6,38.53,2679772
1513886400,38.645,38.545,38.615,38.6,131306
1513884600,38.695,38.61,38.625,38.62,121681
1513882800,38.715,38.605,38.705,38.625,117432
1513881000,38.77,38.705,38.73,38.71,81858
1513879200,38.79,38.74,38.77,38.74,83111
1513877400,38.77,38.72,38.77,38.76,87932
1513875600,38.81,38.75,38.78,38.78,98147
1513873800,38.86,38.75,38.85,38.78,213291
1513872000,38.91,38.82,38.89,38.84,168326
1513870200,38.995,38.885,38.94,38.89,120411
1513868400,38.985,38.91,38.91,38.94,247732
1513866600,38.99,38.805,38.88,38.92,875645
1513801800,38.8,38.7,38.71,38.74,2661890
1513800000,38.72,38.675,38.68,38.7,214519
1513798200,38.685,38.635,38.65,38.68,172031
1513796400,38.74,38.64,38.675,38.655,233409
1513794600,38.725,38.64,38.725,38.675,187750
1513792800,38.725,38.49,38.495,38.725,302394
1513791000,38.5,38.42,38.475,38.49,164967
1513789200,38.47,38.39,38.395,38.47,216526
1513787400,38.46,38.38,38.41,38.395,156996
1513785600,38.41,38.28,38.295,38.405,229452
1513783800,38.335,38.215,38.3,38.29,210412
1513782000,38.48,38.29,38.48,38.29,214266
1513780200,38.67,38.33,38.37,38.47,884805
1513715400,38.46,38.28,38.42,38.3,3013993
1513713600,38.435,38.335,38.34,38.42,209057
1513711800,38.44,38.325,38.44,38.35,141670
1513710000,38.465,38.385,38.43,38.45,185601
1513708200,38.465,38.405,38.41,38.43,104385
1513706400,38.43,38.37,38.415,38.415,117333
1513704600,38.415,38.32,38.39,38.415,147919
1513702800,38.475,38.37,38.38,38.39,162499
1513701000,38.5,38.375,38.5,38.39,198823
1513699200,38.55,38.44,38.505,38.5,267422
1513697400,38.59,38.44,38.585,38.505,334510
1513695600,38.725,38.56,38.625,38.585,313077
1513693800,38.86,38.54,38.64,38.62,1028838
1513629000,38.57,38.45,38.53,38.48,3394585
1513627200,38.6,38.5,38.52,38.525,198533
1513625400,38.54,38.47,38.53,38.52,123047
1513623600,38.565,38.49,38.515,38.535,110359
1513621800,38.585,38.505,38.545,38.52,164660
1513620000,38.555,38.5,38.515,38.54,171621
1513618200,38.53,38.45,38.46,38.515,136976
1513616400,38.505,38.39,38.39,38.46,131077
1513614600,38.39,38.345,38.39,38.38,135678
1513612800,38.395,38.33,38.35,38.39,131290
1513611000,38.475,38.3,38.475,38.35,260608
1513609200,38.8,38.47,38.765,38.48,488406
1513607400,38.88,38.45,38.49,38.765,984986
1513369800,38.28,38.13,38.22,38.19,13049469
1513368000,38.27,38.15,38.16,38.21,243420
1513366200,38.2,38.15,38.16,38.16,123407
1513364400,38.2,38.13,38.15,38.15,181579
1513362600,38.19,38.11,38.12,38.15,216010
1513360800,38.135,38.08,38.11,38.12,118892
1513359000,38.175,38.09,38.17,38.11,176660
1513357200,38.185,38.02,38.045,38.18,190573
1513355400,38.09,37.99,38.005,38.05,162898
1513353600,38.025,37.925,37.935,38.01,198027
1513351800,37.97,37.895,37.95,37.93,274388
1513350000,38.03,37.825,37.855,37.96,416353
1513348200,38.01,37.7,38.01,37.86,7682426
1513283400,38.01,37.89,37.92,37.9,2114183
1513281600,38.02,37.87,38.005,37.92,251548
1513279800,38.015,37.875,37.89,38.005,260191
1513278000,38.005,37.88,37.97,37.88,144937
1513276200,37.99,37.93,37.99,37.965,185748
1513274400,38.02,37.93,37.97,37.99,149317
1513272600,38.035,37.94,37.995,37.98,120099
1513270800,38.035,37.95,38.035,37.99,123727
1513269000,38.06,37.97,38.045,38.035,154603
1513267200,38.05,37.93,37.935,38.05,181882
1513265400,37.99,37.86,37.905,37.94,129970
1513263600,38,37.88,38,37.91,172701
1513261800,38.265,37.875,38.2,38.01,484120
1513197000,38.21,38.13,38.18,38.15,3238751
1513195200,38.23,38.165,38.22,38.18,147154
1513193400,38.225,38.14,38.17,38.22,121258
1513191600,38.27,38.11,38.11,38.16,259102
1513189800,38.175,38.105,38.17,38.11,128611
1513188000,38.195,38.145,38.18,38.17,122254
1513186200,38.245,38.18,38.24,38.18,107436
1513184400,38.3,38.2,38.22,38.24,184980
1513182600,38.36,38.225,38.29,38.225,234137
1513180800,38.295,38.145,38.2,38.29,159962
1513179000,38.305,38.205,38.22,38.205,171221
1513177200,38.305,38.185,38.28,38.21,272926
1513175400,38.28,38.01,38.09,38.27,736123
1513110600,38.03,37.87,38.03,37.91,2815327
1513108800,38.1,38.01,38.09,38.03,124912
1513107000,38.09,37.935,37.95,38.085,181164
1513105200,37.96,37.9,37.91,37.95,102540
1513103400,37.99,37.865,37.925,37.9,252133
1513101600,37.985,37.92,37.98,37.92,66997
1513099800,37.98,37.88,37.9,37.98,194105
1513098000,37.925,37.81,37.81,37.9,170046
1513096200,37.91,37.795,37.87,37.805,175445
1513094400,37.87,37.8,37.82,37.865,144821
1513092600,37.85,37.66,37.715,37.82,181594
1513090800,37.72,37.565,37.66,37.72,218068
1513089000,37.92,37.58,37.83,37.66,767990
1513024200,37.985,37.9,37.955,37.96,2565014
1513022400,38,37.945,38,37.96,71269
1513020600,38.015,37.96,37.96,38,80523
1513018800,38.04,37.96,38.03,37.96,77909
1513017000,38.04,37.915,37.94,38.025,405520
1513015200,37.99,37.905,37.92,37.935,108393
1513013400,37.96,37.915,37.92,37.925,57625
1513011600,37.92,37.805,37.825,37.92,123297
1513009800,37.925,37.82,37.925,37.825,179612
1513008000,37.93,37.695,37.715,37.93,140048
1513006200,37.755,37.615,37.635,37.715,116556
1513004400,37.845,37.63,37.81,37.635,130137
1513002600,37.825,37.57,37.63,37.81,514640
1512765000,37.63,37.555,37.595,37.61,2096573
1512763200,37.6,37.535,37.55,37.595,111786
1512761400,37.555,37.515,37.54,37.54,100448
1512759600,37.64,37.5,37.585,37.54,154488
1512757800,37.6,37.545,37.555,37.59,68586
1512756000,37.56,37.48,37.49,37.555,90104
1512754200,37.52,37.47,37.505,37.495,81750
1512752400,37.54,37.425,37.43,37.51,121517
1512750600,37.505,37.43,37.45,37.43,121919
1512748800,37.58,37.44,37.54,37.455,224238
1512747000,37.56,37.48,37.545,37.54,131868
1512745200,37.585,37.49,37.56,37.545,186706
1512743400,37.69,37.48,37.59,37.56,674568
1512678600,37.49,37.36,37.465,37.4,2302319
1512676800,37.48,37.41,37.41,37.465,103307
1512675000,37.425,37.345,37.425,37.41,136420
1512673200,37.48,37.415,37.43,37.43,86802
1512671400,37.485,37.395,37.465,37.43,151026
1512669600,37.53,37.39,37.525,37.46,142779
1512667800,37.53,37.48,37.49,37.52,106959
1512666000,37.585,37.5,37.58,37.5,82502
1512664200,37.58,37.465,37.465,37.58,107987
1512662400,37.54,37.43,37.53,37.46,49506
1512660600,37.65,37.51,37.535,37.535,73576
1512658800,37.635,37.495,37.635,37.535,117620
1512657000,37.78,37.31,37.31,37.64,585279
1512592200,37.5,37.37,37.49,37.41,3116920
1512590400,37.545,37.48,37.5,37.48,66438
1512588600,37.585,37.485,37.51,37.5,93942
1512586800,37.56,37.49,37.53,37.51,73093
1512585000,37.55,37.48,37.48,37.535,92809
1512583200,37.52,37.46,37.475,37.49,91363
1512581400,37.485,37.405,37.405,37.47,100305
1512579600,37.42,37.33,37.355,37.4,82879
1512577800,37.41,37.255,37.275,37.36,154372
1512576000,37.45,37.27,37.45,37.27,185670
1512574200,37.535,37.375,37.485,37.46,191880
1512572400,37.715,37.46,37.65,37.485,197021
1512570600,37.68,37.34,37.37,37.64,593847
1512505800,37.38,37.25,37.3,37.31,4970931
1512504000,37.32,37.21,37.21,37.305,213456
1512502200,37.31,37.175,37.305,37.22,207993
1512500400,37.405,37.3,37.39,37.31,140015
1512498600,37.47,37.38,37.46,37.385,76119
1512496800,37.47,37.335,37.35,37.46,110958
1512495000,37.45,37.33,37.35,37.35,151982
1512493200,37.42,37.34,37.38,37.34,151262
1512491400,37.465,37.345,37.38,37.39,206496
1512489600,37.57,37.35,37.57,37.375,299471
1512487800,37.59,37.43,37.45,37.565,244909
1512486000,37.57,37.38,37.435,37.45,201178
1512484200,37.81,37.405,37.72,37.43,637404
1512419400,37.81,37.65,37.77,37.72,4452920
1512417600,37.805,37.745,37.76,37.77,233616
1512415800,37.8,37.74,37.745,37.77,147875
1512414000,37.775,37.71,37.75,37.74,185254
1512412200,37.765,37.66,37.665,37.75,150042
1512410400,37.765,37.65,37.755,37.66,107485
1512408600,37.77,37.63,37.67,37.755,137516
1512406800,37.74,37.65,37.685,37.66,168561
1512405000,37.74,37.6,37.73,37.69,159413
1512403200,37.785,37.66,37.71,37.73,244403
1512401400,37.87,37.55,37.82,37.7,254071
1512399600,37.94,37.74,37.92,37.82,334088
1512397800,37.97,37.69,37.86,37.91,833055
1512160200,37.65,37.58,37.6,37.6,3611356
1512158400,37.595,37.41,37.45,37.595,269205
1512156600,37.51,37.415,37.5,37.46,184624
1512154800,37.545,37.44,37.44,37.5,205791
1512153000,37.47,37.365,37.41,37.44,108962
1512151200,37.43,37.32,37.35,37.4,121082
1512149400,37.37,37.185,37.25,37.36,177295
1512147600,37.285,36.93,37.06,37.24,449834
1512145800,37.25,36.735,36.9,37.04,979056
1512144000,37.47,36.835,37.415,36.89,964207
1512142200,37.46,37.32,37.38,37.42,271361
1512140400,37.56,37.27,37.34,37.37,426781
1512138600,37.415,37.06,37.06,37.335,1010329
1512073800,37.53,37.3,37.505,37.3,9295205
1512072000,37.52,37.445,37.505,37.505,216166
1512070200,37.6,37.5,37.6,37.505,189325
1512068400,37.62,37.53,37.6,37.61,150379
1512066600,37.725,37.57,37.725,37.6,124941
1512064800,37.755,37.68,37.68,37.73,192762
1512063000,37.775,37.635,37.665,37.69,300416
1512061200,37.685,37.58,37.585,37.665,179333
1512059400,37.615,37.535,37.585,37.59,179748
1512057600,37.745,37.575,37.64,37.59,281793
1512055800,37.635,37.51,37.56,37.635,295092
1512054000,37.645,37.515,37.635,37.565,310456
1512052200,37.8,37.51,37.63,37.63,884396
1511987400,37.51,37.405,37.42,37.48,2712207
1511985600,37.42,37.23,37.31,37.415,624998
1511983800,37.475,37.28,37.475,37.3,511452
1511982000,37.59,37.445,37.51,37.47,242415
1511980200,37.55,37.48,37.515,37.51,274404
1511978400,37.64,37.505,37.63,37.51,183144
1511976600,37.66,37.49,37.525,37.63,224568
1511974800,37.81,37.51,37.81,37.52,580603
1511973000,37.91,37.78,37.865,37.81,307734
1511971200,38.02,37.82,37.835,37.87,446986
1511969400,37.875,37.615,37.67,37.85,504178
1511967600,37.99,37.66,37.86,37.68,586629
1511965800,38.02,37.75,37.83,37.855,1273200
1511901000,37.76,37.665,37.705,37.73,3814472
1511899200,37.8,37.63,37.7,37.705,342346
1511897400,37.75,37.605,37.61,37.71,266942
1511895600,37.61,37.41,37.465,37.61,224136
1511893800,37.615,37.45,37.585,37.46,167569
1511892000,37.675,37.515,37.62,37.59,166735
1511890200,37.63,37.54,37.605,37.61,132966
1511888400,37.77,37.59,37.725,37.605,371916
1511886600,37.795,37.5,37.5,37.73,488820
1511884800,37.63,37.41,37.495,37.49,397015
1511883000,37.555,37.37,37.375,37.495,556063
1511881200,37.43,37.18,37.19,37.375,439967
1511879400,37.24,36.98,36.98,37.185,803027
1511814600,36.985,36.865,36.97,36.87,3715366
1511812800,36.985,36.84,36.85,36.96,245340
1511811000,36.88,36.825,36.83,36.86,98851
1511809200,36.92,36.825,36.915,36.83,99642
1511807400,36.955,36.91,36.925,36.915,92762
1511805600,36.975,36.92,36.95,36.925,111557
1511803800,37.03,36.91,37.015,36.96,137905
1511802000,37.03,36.905,36.91,37.02,214283
1511800200,36.98,36.795,36.965,36.91,200508
1511798400,37.08,36.96,36.985,36.97,656478
1511796600,36.99,36.795,36.8,36.99,338405
1511794800,36.87,36.74,36.76,36.81,224038
1511793000,36.77,36.5,36.5,36.76,664841
1511550000,36.49,36.49,36.49,36.49,0
1511546400,36.49,36.49,36.49,36.49,0
1511544600,36.565,36.47,36.54,36.49,642201
1511542800,36.555,36.52,36.52,36.545,80239
1511541000,36.53,36.46,36.47,36.52,103290
1511539200,36.48,36.43,36.43,36.475,70438
1511537400,36.43,36.35,36.375,36.43,85166
1511535600,36.38,36.32,36.36,36.38,100188
1511533800,36.53,36.35,36.41,36.37,779597
1511382600,36.49,36.43,36.46,36.45,2109722
1511380800,36.55,36.46,36.55,36.46,153772
1511379000,36.56,36.515,36.515,36.55,93262
1511377200,36.555,36.5,36.53,36.515,62361
1511375400,36.565,36.51,36.53,36.53,96285
1511373600,36.56,36.49,36.54,36.54,109344
1511371800,36.585,36.54,36.56,36.545,86557
1511370000,36.56,36.495,36.52,36.56,108957
1511368200,36.525,36.45,36.495,36.515,101338
1511366400,36.525,36.48,36.51,36.5,138682
1511364600,36.525,36.39,36.405,36.505,149690
1511362800,36.505,36.37,36.45,36.405,194496
1511361000,36.71,36.425,36.7,36.45,713529
1511296200,36.695,36.58,36.685,36.65,2845552
1511294400,36.735,36.655,36.71,36.68,189359
1511292600,36.725,36.68,36.685,36.71,161935
1511290800,36.69,36.625,36.67,36.685,139826
1511289000,36.755,36.645,36.645,36.67,158443
1511287200,36.7,36.61,36.68,36.64,134460
1511285400,36.755,36.67,36.71,36.685,166097
1511283600,36.86,36.71,36.83,36.71,185477
1511281800,36.915,36.82,36.88,36.83,241623
1511280000,36.9,36.785,36.805,36.875,220626
1511278200,36.88,36.765,36.865,36.805,255131
1511276400,36.93,36.72,36.895,36.87,494100
1511274600,36.97,36.66,36.75,36.895,1381997
1511209800,36.51,36.39,36.465,36.5,3718772
1511208000,36.48,36.44,36.47,36.47,245122
1511206200,36.48,36.41,36.42,36.465,161061
1511204400,36.46,36.415,36.455,36.425,145405
1511202600,36.485,36.385,36.395,36.45,292075
1511200800,36.405,36.36,36.36,36.4,138128
1511199000,36.405,36.36,36.395,36.36,120457
1511197200,36.4,36.29,36.29,36.4,249949
1511195400,36.31,36.18,36.245,36.29,249357
1511193600,36.37,36.23,36.37,36.245,286525
1511191800,36.44,36.3,36.44,36.36,231464
1511190000,36.54,36.39,36.46,36.45,519538
1511188200,36.47,35.93,35.94,36.46,1105124
1510950600,36.045,35.89,35.985,35.9,4460788
1510948800,36.04,35.98,36.015,35.98,100956
1510947000,36.04,35.97,35.985,36.02,134802
1510945200,36.055,35.98,36.04,35.99,85087
1510943400,36.05,35.99,36.01,36.045,143174
1510941600,36.01,35.97,35.995,36,175517
1510939800,36.04,35.99,36.015,35.995,147100
1510938000,36.085,36.01,36.055,36.015,238930
1510936200,36.09,36.005,36.035,36.055,209793
1510934400,36.05,35.95,36.03,36.03,206720
1510932600,36.14,35.945,36.14,36.035,304927
1510930800,36.32,36.105,36.26,36.14,461858
1510929000,36.29,35.82,35.89,36.25,2007439
1510864200,36.125,35.84,36.1,35.88,5659583
1510862400,36.15,36.055,36.075,36.11,514543
1510860600,36.31,36.07,36.3,36.075,518371
1510858800,36.37,36.23,36.235,36.3,331170
1510857000,36.26,36.19,36.225,36.235,181979
1510855200,36.335,36.18,36.205,36.225,321218
1510853400,36.345,36.16,36.315,36.2,375157
1510851600,36.335,36.02,36.02,36.31,543583
1510849800,36.225,36.03,36.16,36.03,510083
1510848000,36.345,36.14,36.295,36.16,425241
1510846200,36.395,36.25,36.325,36.295,527193
1510844400,36.63,36.08,36.58,36.33,1182281
1510842600,36.665,35.93,36,36.59,4121499
1510777800,34.29,34.03,34.235,34.11,3184611
1510776000,34.305,34.225,34.225,34.235,476407
1510774200,34.245,34.2,34.21,34.225,223276
1510772400,34.245,34.095,34.215,34.21,416042
1510770600,34.21,34.155,34.185,34.21,143521
1510768800,34.23,34.14,34.145,34.19,230913
1510767000,34.21,34.03,34.085,34.145,184799
1510765200,34.19,34.085,34.185,34.085,139911
1510763400,34.195,34.08,34.1,34.19,176317
1510761600,34.11,34.03,34.055,34.09,138281
1510759800,34.12,33.99,34.12,34.06,170263
1510758000,34.18,33.885,33.945,34.12,265617
1510756200,34.15,33.88,33.97,33.95,727867
1510691400,34.07,33.995,34.015,34.04,1971382
1510689600,34.025,33.97,34.01,34.015,112973
1510687800,34.075,34.01,34.04,34.01,51199
1510686000,34.14,34.03,34.12,34.04,94944
1510684200,34.12,34.03,34.035,34.11,136521
1510682400,34.035,33.93,33.94,34.035,101858
1510680600,34.12,33.94,34.11,33.94,145169
1510678800,34.155,34.085,34.13,34.11,93780
1510677000,34.155,34.085,34.11,34.13,110665
1510675200,34.12,33.98,34.08,34.11,181833
1510673400,34.13,33.96,33.98,34.08,181584
1510671600,33.995,33.82,33.94,33.98,356153
1510669800,34.04,33.81,33.86,33.95,542615
1510605000,33.97,33.895,33.925,33.95,1809310
1510603200,33.95,33.89,33.895,33.93,91508
1510601400,33.935,33.87,33.935,33.895,103487
1510599600,33.97,33.92,33.935,33.935,88177
1510597800,33.95,33.88,33.895,33.935,97939
1510596000,33.965,33.83,33.945,33.895,246707
1510594200,33.965,33.935,33.94,33.95,101216
1510592400,34,33.93,33.995,33.94,144083
1510590600,34.055,33.98,34.055,33.99,107739
1510588800,34.12,34.03,34.12,34.05,111537
1510587000,34.195,34.105,34.19,34.13,92623
1510585200,34.2,34.03,34.065,34.18,168227
1510583400,34.105,33.9,33.92,34.06,535511
1510345800,33.99,33.9,33.915,33.99,1956635
1510344000,33.975,33.9,33.97,33.915,190710
1510342200,33.97,33.93,33.95,33.965,83620
1510340400,33.965,33.925,33.935,33.95,135026
1510338600,33.945,33.875,33.935,33.935,109564
1510336800,33.95,33.86,33.86,33.94,159001
1510335000,33.865,33.82,33.835,33.855,238941
1510333200,33.855,33.725,33.74,33.84,272495
1510331400,33.85,33.73,33.8,33.74,217621
1510329600,33.84,33.755,33.775,33.8,182362
1510327800,33.81,33.67,33.76,33.775,281748
1510326000,33.91,33.76,33.91,33.76,275237
1510324200,34.07,33.85,34.05,33.905,672038
1510259400,34.09,34.01,34.055,34.05,1864346
1510257600,34.085,34.01,34.04,34.05,154268
1510255800,34.06,33.95,34.02,34.04,138465
1510254000,34.04,33.98,33.98,34.01,218094
1510252200,34.065,33.96,34.03,33.975,209698
1510250400,34.02,33.92,33.97,34.02,179556
1510248600,33.99,33.875,33.94,33.98,164950
1510246800,34.03,33.92,34.01,33.94,210379
1510245000,34.165,33.98,34.125,34.02,251235
1510243200,34.285,34.075,34.25,34.13,152520
1510241400,34.285,34.155,34.26,34.25,171084
1510239600,34.32,34.185,34.195,34.265,230677
1510237800,34.29,34.085,34.2,34.2,614935
1510173000,34.5,34.42,34.45,34.5,1990151
1510171200,34.46,34.42,34.445,34.44,123840
1510169400,34.49,34.42,34.48,34.44,135988
1510167600,34.495,34.435,34.45,34.49,118429
1510165800,34.46,34.4,34.46,34.45,74950
1510164000,34.455,34.39,34.41,34.455,160469
1510162200,34.44,34.38,34.41,34.41,92522
1510160400,34.405,34.33,34.34,34.405,85399
1510158600,34.385,34.34,34.38,34.345,119936
1510156800,34.435,34.375,34.415,34.385,102907
1510155000,34.475,34.38,34.415,34.42,170706
1510153200,34.43,34.145,34.155,34.42,255498
1510151400,34.34,34.12,34.31,34.14,534213
1510086600,34.42,34.345,34.345,34.4,1623450
1510084800,34.35,34.305,34.315,34.34,117268
1510083000,34.37,34.31,34.34,34.32,80373
1510081200,34.36,34.31,34.32,34.335,53987
1510079400,34.375,34.31,34.37,34.31,54210
1510077600,34.365,34.31,34.31,34.365,50727
1510075800,34.38,34.295,34.35,34.31,92034
1510074000,34.36,34.22,34.28,34.35,261264
1510072200,34.465,34.29,34.46,34.29,89091
1510070400,34.46,34.41,34.43,34.45,104042
1510068600,34.43,34.37,34.42,34.43,134326
1510066800,34.43,34.31,34.37,34.42,154264
1510065000,34.475,34.26,34.32,34.38,480650
1510000200,34.46,34.41,34.45,34.41,1377789
1509998400,34.47,34.41,34.45,34.45,104247
1509996600,34.49,34.43,34.455,34.45,99705
1509994800,34.475,34.43,34.475,34.46,105630
1509993000,34.53,34.47,34.52,34.48,113785
1509991200,34.545,34.51,34.52,34.51,70630
1509989400,34.535,34.49,34.5,34.53,114655
1509987600,34.53,34.47,34.485,34.49,112196
1509985800,34.54,34.45,34.51,34.48,172580
1509984000,34.52,34.41,34.42,34.505,178283
1509982200,34.495,34.355,34.395,34.44,120971
1509980400,34.5,34.32,34.495,34.395,124361
1509978600,34.56,34.26,34.37,34.49,514181
1509737400,34.47,34.41,34.415,34.47,1636211
1509735600,34.425,34.39,34.395,34.42,90966
1509733800,34.435,34.37,34.415,34.395,161904
1509732000,34.49,34.385,34.485,34.415,157592
1509730200,34.48,34.375,34.38,34.48,146396
1509728400,34.41,34.36,34.37,34.38,51417
1509726600,34.47,34.345,34.46,34.37,140655
1509724800,34.46,34.3,34.3,34.46,184555
1509723000,34.31,34.23,34.25,34.3,63062
1509721200,34.32,34.245,34.265,34.255,81790
1509719400,34.335,34.19,34.245,34.26,157556
1509717600,34.26,34.15,34.16,34.245,157983
1509715800,34.43,34.03,34.28,34.15,1021158
1509651000,34.29,34.185,34.22,34.21,2569062
1509649200,34.27,34.165,34.235,34.21,336311
1509647400,34.32,34.225,34.275,34.235,151321
1509645600,34.3,34.24,34.25,34.27,167307
1509643800,34.265,34.17,34.215,34.25,156438
1509642000,34.34,34.215,34.325,34.215,186517
1509640200,34.33,34.25,34.255,34.325,142470
1509638400,34.32,34.23,34.31,34.26,202956
1509636600,34.34,34.22,34.325,34.305,229771
1509634800,34.42,34.3,34.34,34.32,164257
1509633000,34.425,34.315,34.41,34.34,157465
1509631200,34.48,34.25,34.44,34.41,377078
1509629400,34.64,34.45,34.59,34.45,572834
1509564600,34.66,34.48,34.645,34.62,2491968
1509562800,34.68,34.615,34.635,34.645,213552
1509561000,34.69,34.53,34.53,34.635,375474
1509559200,34.595,34.5,34.52,34.52,184145
1509557400,34.555,34.47,34.5,34.515,190952
1509555600,34.545,34.445,34.525,34.49,216862
1509553800,34.63,34.515,34.62,34.52,114487
1509552000,34.64,34.56,34.595,34.62,92803
1509550200,34.75,34.59,34.74,34.595,208160
1509548400,34.75,34.61,34.615,34.74,248611
1509546600,34.65,34.48,34.51,34.61,241959
1509544800,34.635,34.505,34.615,34.52,276524
1509543000,34.66,34.28,34.29,34.61,678612
1509478200,34.16,34.085,34.11,34.15,2511829
1509476400,34.12,34.09,34.095,34.11,125863
1509474600,34.1,34.05,34.085,34.09,96864
1509472800,34.115,34.03,34.11,34.085,134669
1509471000,34.12,34.07,34.1,34.115,74833
1509469200,34.14,34.1,34.1,34.1,30676
1509467400,34.13,34.065,34.07,34.11,128663
1509465600,34.135,34.06,34.11,34.07,142542
1509463800,34.15,34.08,34.15,34.115,172248
1509462000,34.24,34.14,34.14,34.15,151619
1509460200,34.18,34.11,34.135,34.135,121420
1509458400,34.16,34.02,34.05,34.135,183950
1509456600,34.235,34.04,34.07,34.05,492833
1509391800,34.1,33.955,33.99,34.04,2612429
1509390000,33.995,33.925,33.975,33.99,150020
1509388200,34,33.915,33.925,33.98,116209
1509386400,33.95,33.91,33.91,33.92,149337
1509384600,34.04,33.875,34.035,33.905,144810
1509382800,34.035,33.975,33.98,34.03,51874
1509381000,34,33.91,33.91,33.99,83057
1509379200,34.065,33.825,34.065,33.905,267359
1509377400,34.18,34.04,34.135,34.06,140123
1509375600,34.24,34.095,34.095,34.135,130397
1509373800,34.16,34.05,34.085,34.095,118604
1509372000,34.17,34.04,34.06,34.085,136266
1509370200,34.35,33.95,34.3,34.06,568542
1509136200,34.5,34.33,34.38,34.43,3101931
1509134400,34.4,34.275,34.305,34.38,208276
1509132600,34.49,34.31,34.49,34.31,243851
1509130800,34.55,34.46,34.52,34.49,224415
1509129000,34.585,34.515,34.53,34.525,122335
1509127200,34.62,34.525,34.58,34.525,197603
1509125400,34.57,34.425,34.425,34.57,257073
1509123600,34.47,34.42,34.45,34.43,110634
1509121800,34.455,34.375,34.385,34.44,129748
1509120000,34.395,34.31,34.34,34.38,156133
1509118200,34.39,34.205,34.215,34.34,232911
1509116400,34.295,34.175,34.18,34.215,184512
1509114600,34.315,34.095,34.16,34.17,804193
1509049800,34.325,34.255,34.305,34.27,1219174
1509048000,34.31,34.23,34.23,34.31,134481
1509046200,34.255,34.205,34.205,34.23,95711
1509044400,34.215,34.19,34.205,34.2,147613
1509042600,34.235,34.19,34.215,34.2,63547
1509040800,34.23,34.17,34.175,34.22,54536
1509039000,34.21,34.125,34.17,34.18,85724
1509037200,34.18,34.09,34.095,34.17,79770
1509035400,34.15,34.07,34.15,34.09,125575
1509033600,34.27,34.15,34.2,34.15,126955
1509031800,34.33,34.2,34.27,34.2,217955
1509030000,34.29,34.13,34.255,34.27,201189
1509028200,34.5,34.23,34.41,34.26,633522
1508963400,34.355,34.245,34.355,34.3,2176282
1508961600,34.375,34.26,34.27,34.36,124913
1508959800,34.345,34.24,34.345,34.27,149754
1508958000,34.36,34.31,34.31,34.34,82267
1508956200,34.305,34.25,34.25,34.3,87015
1508954400,34.335,34.245,34.3,34.255,135205
1508952600,34.31,34.17,34.18,34.305,111796
1508950800,34.32,34.18,34.3,34.19,174219
1508949000,34.44,34.255,34.395,34.3,204338
1508947200,34.55,34.375,34.55,34.39,333953
1508945400,34.575,34.45,34.55,34.55,271133
1508943600,34.62,34.505,34.57,34.55,307839
1508941800,34.7,34.52,34.67,34.56,760514
1508877000,34.58,34.52,34.54,34.58,2055619
1508875200,34.555,34.465,34.545,34.535,126000
1508873400,34.61,34.51,34.605,34.55,94137
1508871600,34.635,34.605,34.61,34.605,76044
1508869800,34.67,34.615,34.62,34.615,76978
1508868000,34.65,34.59,34.65,34.62,77894
1508866200,34.65,34.58,34.585,34.65,90952
1508864400,34.605,34.56,34.6,34.58,71722
1508862600,34.65,34.52,34.56,34.595,182875
1508860800,34.57,34.495,34.5,34.555,195370
1508859000,34.5,34.36,34.38,34.5,201937
1508857200,34.4,34.27,34.32,34.37,176710
1508855400,34.5,34.26,34.4,34.32,675602
1508790600,34.39,34.29,34.37,34.35,3751676
1508788800,34.52,34.37,34.505,34.37,169169
1508787000,34.525,34.48,34.495,34.5,97381
1508785200,34.55,34.475,34.545,34.495,148414
1508783400,34.61,34.54,34.605,34.54,91882
1508781600,34.64,34.595,34.62,34.605,124102
1508779800,34.67,34.61,34.67,34.615,149334
1508778000,34.68,34.565,34.59,34.67,180836
1508776200,34.605,34.505,34.58,34.59,159667
1508774400,34.625,34.47,34.47,34.585,396395
1508772600,34.5,34.4,34.4,34.46,178830
1508770800,34.48,34.35,34.38,34.39,174899
1508769000,34.5,34.3,34.4,34.39,768460
1508531400,34.31,34.21,34.235,34.25,4741462
1508529600,34.25,34.175,34.195,34.23,290546
1508527800,34.26,34.18,34.24,34.195,127748
1508526000,34.27,34.22,34.245,34.23,132595
1508524200,34.25,34.22,34.225,34.245,23979
1508522400,34.24,34.2,34.215,34.225,66967
1508520600,34.25,34.2,34.235,34.215,59608
1508518800,34.24,34.195,34.205,34.24,63546
1508517000,34.22,34.06,34.07,34.205,141845
1508515200,34.15,34.065,34.1,34.065,107846
1508513400,34.295,34.055,34.29,34.08,194999
1508511600,34.385,34.27,34.285,34.285,302092
1508509800,34.34,34.03,34.04,34.28,2238834
1508445000,33.77,33.7,33.705,33.75,1338414
1508443200,33.725,33.675,33.675,33.705,94719
1508441400,33.74,33.67,33.68,33.675,84884
1508439600,33.695,33.66,33.66,33.68,45558
1508437800,33.7,33.66,33.665,33.66,26600
1508436000,33.67,33.64,33.655,33.66,47074
1508434200,33.71,33.64,33.705,33.655,33353
1508432400,33.725,33.66,33.71,33.705,68041
1508430600,33.89,33.7,33.83,33.71,154123
1508428800,33.825,33.72,33.74,33.825,183880
1508427000,33.745,33.61,33.63,33.735,127064
1508425200,33.65,33.48,33.545,33.64,99963
1508423400,33.71,33.45,33.51,33.54,638737
1508358600,33.615,33.52,33.61,33.55,1039717
1508356800,33.62,33.56,33.565,33.62,65767
1508355000,33.57,33.52,33.52,33.57,92761
1508353200,33.585,33.51,33.56,33.515,80540
1508351400,33.57,33.545,33.56,33.565,67217
1508349600,33.57,33.525,33.535,33.56,62364
1508347800,33.535,33.5,33.505,33.535,60634
1508346000,33.53,33.49,33.49,33.5,90590
1508344200,33.535,33.48,33.51,33.48,50878
1508342400,33.525,33.48,33.51,33.5,54270
1508340600,33.545,33.44,33.46,33.51,83292
1508338800,33.52,33.44,33.515,33.455,92580
1508337000,33.7,33.465,33.68,33.52,513727
1508272200,33.625,33.5,33.5,33.6,1830435
1508270400,33.54,33.49,33.54,33.49,81315
1508268600,33.59,33.54,33.545,33.54,126138
1508266800,33.545,33.525,33.535,33.545,24121
1508265000,33.545,33.505,33.54,33.54,48789
1508263200,33.545,33.505,33.525,33.545,54278
1508261400,33.535,33.5,33.535,33.52,46541
1508259600,33.535,33.5,33.51,33.535,48757
1508257800,33.535,33.5,33.53,33.515,50860
1508256000,33.55,33.51,33.515,33.535,52297
1508254200,33.52,33.475,33.495,33.515,73603
1508252400,33.605,33.48,33.57,33.49,51103
1508250600,33.66,33.46,33.59,33.58,394377
1508185800,33.565,33.525,33.54,33.54,2175444
1508184000,33.58,33.54,33.55,33.54,56067
1508182200,33.605,33.555,33.605,33.56,56678
1508180400,33.635,33.6,33.615,33.605,33476
1508178600,33.625,33.6,33.605,33.615,51688
1508176800,33.63,33.54,33.54,33.61,57714
1508175000,33.575,33.545,33.565,33.545,54663
1508173200,33.565,33.495,33.51,33.565,49853
1508171400,33.545,33.5,33.54,33.52,70499
1508169600,33.59,33.525,33.545,33.54,77707
1508167800,33.57,33.51,33.57,33.55,66549
1508166000,33.595,33.48,33.515,33.58,74116
1508164200,33.6,33.47,33.5,33.52,369105
1507926600,33.52,33.45,33.515,33.47,2354467
1507924800,33.57,33.505,33.565,33.51,102483
1507923000,33.565,33.515,33.525,33.56,57493
1507921200,33.54,33.485,33.485,33.52,103353
1507919400,33.505,33.475,33.505,33.48,30591
1507917600,33.53,33.485,33.5,33.51,59304
1507915800,33.525,33.485,33.525,33.5,88986
1507914000,33.53,33.47,33.49,33.525,72491
1507912200,33.49,33.425,33.44,33.49,58108
1507910400,33.475,33.42,33.475,33.445,61710
1507908600,33.53,33.46,33.53,33.475,89796
1507906800,33.54,33.36,33.365,33.53,145288
1507905000,33.47,33.33,33.4,33.36,574982
1507840200,33.275,33.215,33.275,33.26,3960372
1507838400,33.28,33.24,33.24,33.275,111879
1507836600,33.315,33.23,33.31,33.23,204909
1507834800,33.355,33.305,33.325,33.315,95499
1507833000,33.39,33.325,33.385,33.325,141869
1507831200,33.425,33.375,33.42,33.385,102506
1507829400,33.445,33.41,33.445,33.425,75495
1507827600,33.455,33.42,33.425,33.45,55985
1507825800,33.425,33.39,33.42,33.425,115388
1507824000,33.46,33.385,33.385,33.425,95929
1507822200,33.46,33.345,33.36,33.39,212681
1507820400,33.38,33.265,33.295,33.35,279532
1507818600,33.41,33.18,33.25,33.29,668025
1507753800,33.61,33.565,33.575,33.59,2493978
1507752000,33.58,33.53,33.565,33.57,155574
1507750200,33.575,33.51,33.535,33.57,102539
1507748400,33.57,33.52,33.53,33.535,89102
1507746600,33.545,33.5,33.51,33.53,79194
1507744800,33.575,33.5,33.57,33.51,100300
1507743000,33.59,33.56,33.565,33.57,96221
1507741200,33.6,33.535,33.535,33.565,109348
1507739400,33.55,33.495,33.54,33.54,89991
1507737600,33.58,33.53,33.55,33.53,178535
1507735800,33.6,33.5,33.565,33.55,170660
1507734000,33.615,33.525,33.56,33.565,163553
1507732200,33.625,33.25,33.38,33.555,681258
1507667400,33.55,33.485,33.505,33.55,2940583
1507665600,33.565,33.5,33.51,33.505,227847
1507663800,33.52,33.495,33.51,33.51,212739
1507662000,33.6,33.5,33.57,33.51,200915
1507660200,33.59,33.53,33.535,33.575,69545
1507658400,33.61,33.54,33.565,33.54,102534
1507656600,33.59,33.525,33.525,33.565,74016
1507654800,33.525,33.48,33.525,33.525,216789
1507653000,33.61,33.505,33.59,33.52,198131
1507651200,33.66,33.59,33.64,33.59,114940
1507649400,33.685,33.64,33.68,33.64,104181
1507647600,33.8,33.66,33.8,33.69,141489
1507645800,33.905,33.8,33.88,33.81,532609
1507581000,33.76,33.69,33.72,33.76,1868620
1507579200,33.73,33.69,33.72,33.72,52546
1507577400,33.76,33.705,33.74,33.72,60420
1507575600,33.755,33.72,33.74,33.735,38938
1507573800,33.75,33.72,33.75,33.74,40199
1507572000,33.75,33.71,33.71,33.745,37249
1507570200,33.74,33.7,33.73,33.72,34652
1507568400,33.73,33.67,33.725,33.725,61575
1507566600,33.735,33.68,33.69,33.72,53291
1507564800,33.73,33.665,33.68,33.69,50861
1507563000,33.69,33.635,33.64,33.69,45646
1507561200,33.75,33.62,33.74,33.63,103174
1507559400,33.88,33.72,33.8,33.74,441086
1507321800,33.78,33.725,33.74,33.75,3858400
1507320000,33.755,33.71,33.755,33.74,79591
1507318200,33.765,33.695,33.715,33.76,83811
1507316400,33.735,33.705,33.705,33.72,44624
1507314600,33.755,33.705,33.715,33.705,82457
1507312800,33.71,33.65,33.66,33.71,64044
1507311000,33.695,33.66,33.67,33.66,35854
1507309200,33.695,33.63,33.685,33.66,72075
1507307400,33.72,33.66,33.66,33.685,70653
1507305600,33.665,33.555,33.56,33.665,55734
1507303800,33.705,33.53,33.705,33.55,91553
1507302000,33.745,33.675,33.69,33.705,85559
1507300200,33.695,33.56,33.6,33.69,640269
1507235400,33.62,33.56,33.61,33.59,1931275
1507233600,33.665,33.59,33.59,33.62,260963
1507231800,33.595,33.51,33.58,33.57,277378
1507230000,33.63,33.55,33.63,33.58,143705
1507228200,33.64,33.59,33.625,33.635,55706
1507226400,33.635,33.59,33.59,33.63,85704
1507224600,33.625,33.585,33.62,33.59,94153
1507222800,33.63,33.56,33.56,33.615,65835
1507221000,33.58,33.52,33.53,33.555,114515
1507219200,33.53,33.47,33.49,33.525,86598
1507217400,33.51,33.45,33.51,33.49,93733
1507215600,33.56,33.51,33.56,33.51,79172
1507213800,33.65,33.41,33.53,33.555,419036
1507149000,33.445,33.38,33.4,33.44,1487172
1507147200,33.48,33.395,33.48,33.4,202177
1507145400,33.49,33.45,33.48,33.48,108066
1507143600,33.47,33.385,33.405,33.47,132457
1507141800,33.46,33.4,33.46,33.405,135430
1507140000,33.53,33.46,33.5,33.47,149764
1507138200,33.54,33.495,33.54,33.495,104107
1507136400,33.56,33.495,33.52,33.545,147791
1507134600,33.54,33.49,33.53,33.52,133333
1507132800,33.53,33.365,33.385,33.53,177111
1507131000,33.395,33.3,33.31,33.385,191172
1507129200,33.4,33.29,33.36,33.31,224057
1507127400,33.54,33.32,33.53,33.36,706539
1507062600,33.85,33.765,33.785,33.85,1525190
1507060800,33.815,33.78,33.805,33.78,168846
1507059000,33.81,33.79,33.795,33.81,54544
1507057200,33.815,33.765,33.815,33.795,96937
1507055400,33.85,33.795,33.85,33.81,87489
1507053600,33.86,33.82,33.82,33.85,63160
1507051800,33.845,33.81,33.845,33.82,73719
1507050000,33.895,33.85,33.86,33.85,104510
1507048200,33.89,33.85,33.89,33.865,105916
1507046400,33.89,33.8,33.8,33.89,156651
1507044600,33.89,33.8,33.855,33.8,177771
1507042800,33.86,33.785,33.83,33.86,182936
1507041000,33.86,33.62,33.72,33.84,519187
1506976200,33.77,33.685,33.685,33.75,2575602
1506974400,33.715,33.65,33.65,33.685,92835
1506972600,33.65,33.62,33.65,33.645,119745
1506970800,33.675,33.64,33.66,33.655,75089
1506969000,33.67,33.625,33.635,33.66,48840
1506967200,33.65,33.605,33.62,33.635,99082
1506965400,33.61,33.55,33.55,33.61,84266
1506963600,33.58,33.525,33.54,33.55,137169
1506961800,33.63,33.54,33.55,33.55,235460
1506960000,33.6,33.55,33.59,33.55,120148
1506958200,33.65,33.56,33.575,33.6,239301
1506956400,33.635,33.53,33.61,33.58,256280
1506954600,33.66,33.55,33.61,33.61,626830
1506717000,33.64,33.53,33.535,33.63,2994704
1506715200,33.61,33.54,33.61,33.54,113864
1506713400,33.64,33.59,33.61,33.61,132278
1506711600,33.615,33.57,33.595,33.615,87391
1506709800,33.6,33.52,33.525,33.59,113885
1506708000,33.61,33.52,33.6,33.525,52077
1506706200,33.635,33.58,33.62,33.595,65191
1506704400,33.66,33.57,33.57,33.62,178522
1506702600,33.57,33.52,33.56,33.56,94394
1506700800,33.59,33.485,33.53,33.57,182280
1506699000,33.54,33.375,33.38,33.52,222406
1506697200,33.37,33.27,33.31,33.37,98048
1506695400,33.4,33.245,33.32,33.305,523536
1506630600,33.37,33.275,33.305,33.35,3659989
1506628800,33.395,33.3,33.335,33.305,143140
1506627000,33.37,33.335,33.36,33.335,73053
1506625200,33.41,33.36,33.41,33.36,56630
1506623400,33.425,33.37,33.385,33.415,58883
1506621600,33.43,33.375,33.43,33.385,26381
1506619800,33.45,33.39,33.4,33.44,50279
1506618000,33.43,33.36,33.38,33.4,56762
1506616200,33.435,33.34,33.34,33.38,118068
1506614400,33.43,33.325,33.38,33.335,89774
1506612600,33.41,33.31,33.36,33.38,80715
1506610800,33.4,33.295,33.385,33.37,166866
1506609000,33.45,33.22,33.22,33.39,703346
1506544200,33.65,33.47,33.63,33.48,3271001
1506542400,33.64,33.585,33.615,33.63,148503
1506540600,33.7,33.61,33.69,33.61,140140
1506538800,33.71,33.575,33.575,33.685,237919
1506537000,33.58,33.525,33.54,33.575,121804
1506535200,33.56,33.5,33.525,33.54,158149
1506533400,33.54,33.395,33.395,33.52,106977
1506531600,33.4,33.305,33.33,33.39,140856
1506529800,33.47,33.32,33.47,33.33,305299
1506528000,33.57,33.475,33.51,33.475,203789
1506526200,33.635,33.43,33.615,33.51,261010
1506524400,33.775,33.61,33.72,33.62,236567
1506522600,33.92,33.7,33.81,33.72,693636
1506457800,33.82,33.68,33.755,33.76,3243920
1506456000,33.775,33.715,33.72,33.75,178109
1506454200,33.76,33.695,33.76,33.71,225366
1506452400,33.82,33.75,33.8,33.765,226812
1506450600,33.84,33.74,33.76,33.8,167449
1506448800,33.79,33.715,33.755,33.765,196849
1506447000,33.805,33.745,33.785,33.75,149089
1506445200,33.79,33.73,33.76,33.79,157480
1506443400,33.85,33.735,33.805,33.76,207823
1506441600,33.84,33.775,33.8,33.81,250085
1506439800,33.98,33.78,33.975,33.8,413131
1506438000,34.06,33.9,33.98,33.97,504754
1506436200,34.1,33.75,33.76,33.98,1139537
1506371400,33.76,33.6,33.635,33.72,5064559
1506369600,33.64,33.57,33.595,33.63,253911
1506367800,33.6,33.5,33.51,33.6,181436
1506366000,33.585,33.51,33.565,33.51,232082
1506364200,33.59,33.515,33.525,33.56,258445
1506362400,33.54,33.475,33.475,33.53,403325
1506360600,33.49,33.42,33.43,33.475,199069
1506358800,33.47,33.38,33.405,33.44,172425
1506357000,33.46,33.39,33.46,33.41,179192
1506355200,33.49,33.38,33.42,33.46,356716
1506353400,33.79,33.395,33.775,33.43,597390
1506351600,33.84,33.49,33.51,33.77,721868
1506349800,33.555,33.2,33.31,33.51,1059571
1506112200,33.49,33.37,33.49,33.37,3562025
1506110400,33.525,33.37,33.385,33.5,639500
1506108600,33.41,33.34,33.355,33.385,323269
1506106800,33.41,33.275,33.285,33.35,352702
1506105000,33.31,33.25,33.27,33.28,193331
1506103200,33.38,33.275,33.375,33.28,155167
1506101400,33.38,33.295,33.32,33.375,222788
1506099600,33.36,33.265,33.285,33.32,243454
1506097800,33.31,33.2,33.255,33.29,229433
1506096000,33.27,33.175,33.185,33.255,251002
1506094200,33.21,32.92,32.94,33.18,528750
1506092400,32.97,32.84,32.875,32.95,215653
1506090600,32.93,32.64,32.71,32.88,975122
1506025800,32.795,32.685,32.785,32.7,2704876
1506024000,32.795,32.74,32.78,32.785,162890
1506022200,32.85,32.73,32.85,32.78,189431
1506020400,32.895,32.835,32.89,32.85,134245
1506018600,32.895,32.845,32.89,32.885,135724
1506016800,32.89,32.8,32.815,32.89,228429
1506015000,32.82,32.74,32.81,32.815,130257
1506013200,32.835,32.725,32.725,32.82,195425
1506011400,32.745,32.65,32.65,32.725,140405
1506009600,32.645,32.575,32.595,32.645,131019
1506007800,32.625,32.505,32.55,32.6,206561
1506006000,32.745,32.545,32.7,32.55,256253
1506004200,32.77,32.57,32.7,32.705,625363
1505939400,32.62,32.515,32.515,32.6,2223307
1505937600,32.52,32.445,32.48,32.515,210338
1505935800,32.495,32.42,32.48,32.49,289102
1505934000,32.66,32.395,32.65,32.48,475983
1505932200,32.685,32.645,32.67,32.65,88384
1505930400,32.745,32.66,32.735,32.675,90524
1505928600,32.74,32.68,32.68,32.735,86414
1505926800,32.7,32.665,32.67,32.685,123194
1505925000,32.74,32.66,32.71,32.675,130716
1505923200,32.71,32.655,32.69,32.7,184339
1505921400,32.745,32.625,32.635,32.69,177743
1505919600,32.645,32.58,32.63,32.635,82047
1505917800,32.7,32.545,32.58,32.635,577985
1505853000,32.555,32.48,32.55,32.49,1811785
1505851200,32.55,32.51,32.51,32.55,77526
1505849400,32.54,32.505,32.505,32.515,80692
1505847600,32.565,32.5,32.565,32.5,74481
1505845800,32.59,32.525,32.525,32.56,68246
1505844000,32.595,32.525,32.585,32.525,85345
1505842200,32.635,32.55,32.595,32.585,137260
1505840400,32.6,32.555,32.555,32.59,86852
1505838600,32.57,32.445,32.445,32.56,76442
1505836800,32.485,32.4,32.485,32.45,144625
1505835000,32.515,32.435,32.51,32.49,166691
1505833200,32.65,32.52,32.6,32.52,227368
1505831400,32.61,32.41,32.48,32.6,682855
1505766600,32.585,32.52,32.54,32.52,2033658
1505764800,32.545,32.49,32.505,32.535,90101
1505763000,32.525,32.455,32.495,32.5,157754
1505761200,32.55,32.465,32.535,32.5,89478
1505759400,32.565,32.53,32.55,32.53,85723
1505757600,32.635,32.55,32.635,32.555,81403
1505755800,32.66,32.63,32.635,32.635,80210
1505754000,32.645,32.575,32.575,32.635,183192
1505752200,32.59,32.57,32.585,32.575,110293
1505750400,32.58,32.525,32.525,32.58,159669
1505748600,32.545,32.49,32.54,32.53,223634
1505746800,32.57,32.51,32.52,32.54,179078
1505745000,32.57,32.26,32.34,32.53,1196480
1505507400,32.46,32.39,32.46,32.44,4795995
1505505600,32.49,32.46,32.485,32.46,250060
1505503800,32.49,32.465,32.47,32.49,99486
1505502000,32.46,32.42,32.43,32.46,150765
1505500200,32.455,32.4,32.445,32.425,96427
1505498400,32.445,32.38,32.38,32.445,95334
1505496600,32.45,32.38,32.445,32.38,84429
1505494800,32.47,32.44,32.44,32.445,86334
1505493000,32.495,32.435,32.48,32.44,210668
1505491200,32.49,32.455,32.465,32.48,158133
1505489400,32.47,32.275,32.275,32.46,264504
1505487600,32.275,32.14,32.16,32.27,217181
1505485800,32.38,32.12,32.2,32.16,7528013
1505421000,32.21,32.135,32.17,32.19,3059248
1505419200,32.195,32.145,32.175,32.17,198547
1505417400,32.2,32.165,32.17,32.175,154248
1505415600,32.19,32.145,32.15,32.165,145118
1505413800,32.155,32.055,32.085,32.15,196828
1505412000,32.135,32.065,32.135,32.09,68798
1505410200,32.15,32.085,32.09,32.135,111778
1505408400,32.12,32.06,32.12,32.095,91957
1505406600,32.15,32.09,32.145,32.115,90419
1505404800,32.19,32.13,32.19,32.14,133289
1505403000,32.215,32.15,32.18,32.18,128517
1505401200,32.19,32.12,32.13,32.185,130713
1505399400,32.16,31.91,31.92,32.14,822789
1505334600,32.18,32.06,32.09,32.18,3504389
1505332800,32.1,32.055,32.055,32.085,194970
1505331000,32.07,32.025,32.035,32.06,117315
1505329200,32.05,31.975,32.015,32.03,137117
1505327400,32.06,32.01,32.06,32.01,76779
1505325600,32.07,32,32.01,32.07,110077
1505323800,32.045,32.01,32.035,32.01,156522
1505322000,32.055,32.025,32.035,32.04,121758
1505320200,32.055,31.96,32.05,32.04,139755
1505318400,32.145,32.045,32.14,32.05,153538
1505316600,32.17,32.09,32.145,32.14,160559
1505314800,32.235,32.14,32.23,32.15,171790
1505313000,32.3,32.07,32.26,32.235,810626
1505248200,32.42,32.365,32.395,32.41,3494679
1505246400,32.41,32.375,32.38,32.395,146689
1505244600,32.395,32.37,32.385,32.38,93961
1505242800,32.435,32.375,32.415,32.38,87836
1505241000,32.455,32.4,32.455,32.415,104211
1505239200,32.455,32.41,32.42,32.455,56278
1505237400,32.43,32.33,32.345,32.41,139362
1505235600,32.385,32.325,32.375,32.345,128347
1505233800,32.445,32.365,32.445,32.375,106224
1505232000,32.465,32.415,32.44,32.445,129192
1505230200,32.455,32.38,32.42,32.44,141771
1505228400,32.445,32.31,32.35,32.42,316652
1505226600,32.47,32.195,32.24,32.35,943820
1505161800,32.275,32.135,32.245,32.19,3941855
1505160000,32.3,32.23,32.235,32.245,296466
1505158200,32.26,32.19,32.205,32.235,349369
1505156400,32.22,32.11,32.11,32.205,300296
1505154600,32.145,32.1,32.135,32.105,73742
1505152800,32.15,32.09,32.1,32.135,60490
1505151000,32.105,32.05,32.075,32.095,64537
1505149200,32.08,32.045,32.08,32.07,72378
1505147400,32.105,32.06,32.09,32.08,92065
1505145600,32.105,32.03,32.045,32.09,152801
1505143800,32.065,32,32.03,32.04,143843
1505142000,32.13,32,32.02,32.02,213829
1505140200,32.08,31.72,31.77,32.02,653070
1504902600,31.54,31.46,31.54,31.48,2177840
1504900800,31.645,31.53,31.62,31.55,206420
1504899000,31.685,31.61,31.67,31.62,137671
1504897200,31.69,31.63,31.635,31.66,128429
1504895400,31.695,31.615,31.695,31.635,80751
1504893600,31.695,31.675,31.685,31.69,44350
1504891800,31.71,31.64,31.655,31.685,94129
1504890000,31.67,31.645,31.665,31.66,113653
1504888200,31.71,31.64,31.71,31.67,115104
1504886400,31.74,31.655,31.68,31.7,95132
1504884600,31.7,31.66,31.68,31.67,103586
1504882800,31.735,31.63,31.71,31.68,99640
1504881000,31.77,31.58,31.68,31.71,610360
1504816200,31.81,31.75,31.77,31.76,2342294
1504814400,31.82,31.765,31.805,31.77,141925
1504812600,31.805,31.765,31.79,31.8,94103
1504810800,31.85,31.77,31.78,31.795,112574
1504809000,31.805,31.755,31.795,31.79,62680
1504807200,31.805,31.77,31.785,31.79,48987
1504805400,31.81,31.76,31.805,31.785,80722
1504803600,31.82,31.76,31.76,31.8,79219
1504801800,31.84,31.755,31.84,31.76,90390
1504800000,31.95,31.835,31.91,31.84,69870
1504798200,31.945,31.805,31.81,31.91,99917
1504796400,31.88,31.75,31.88,31.82,122015
1504794600,31.96,31.83,31.96,31.88,315351
1504729800,31.905,31.85,31.865,31.87,3354009
1504728000,31.885,31.77,31.785,31.87,175789
1504726200,31.825,31.765,31.82,31.78,140973
1504724400,31.87,31.82,31.82,31.83,114436
1504722600,31.84,31.79,31.8,31.815,104016
1504720800,31.83,31.76,31.765,31.8,163372
1504719000,31.785,31.73,31.73,31.765,104474
1504717200,31.755,31.675,31.72,31.73,84313
1504715400,31.74,31.66,31.675,31.72,73181
1504713600,31.775,31.65,31.76,31.68,91028
1504711800,31.8,31.72,31.775,31.76,109769
1504710000,31.84,31.745,31.765,31.77,152948
1504708200,31.83,31.635,31.74,31.765,644926
1504643400,31.655,31.565,31.63,31.62,3204163
1504641600,31.625,31.5,31.53,31.625,283478
1504639800,31.6,31.5,31.59,31.52,228115
1504638000,31.615,31.52,31.59,31.605,169623
1504636200,31.595,31.5,31.54,31.595,172800
1504634400,31.61,31.46,31.61,31.54,303181
1504632600,31.61,31.465,31.56,31.61,291220
1504630800,31.73,31.555,31.73,31.57,373669
1504629000,31.775,31.7,31.74,31.73,269183
1504627200,31.855,31.715,31.855,31.745,361398
1504625400,31.945,31.79,31.935,31.855,296372
1504623600,32.08,31.93,32.075,31.935,361550
1504621800,32.245,32.015,32.1,32.075,826466
1504297800,32.33,32.3,32.315,32.3,1192420
1504296000,32.32,32.275,32.285,32.315,136124
1504294200,32.285,32.25,32.25,32.285,77856
1504292400,32.29,32.235,32.25,32.25,137734
1504290600,32.285,32.23,32.285,32.25,88879
1504288800,32.335,32.28,32.315,32.285,65386
1504287000,32.32,32.27,32.28,32.315,78412
1504285200,32.285,32.225,32.225,32.275,55808
1504283400,32.265,32.165,32.18,32.225,125775
1504281600,32.205,32.1,32.1,32.18,236621
1504279800,32.175,32.04,32.15,32.1,203871
1504278000,32.205,32.12,32.13,32.15,178664
1504276200,32.34,32.105,32.22,32.14,988553
1504211400,32.3,32.165,32.27,32.21,4475457
1504209600,32.3,32.255,32.255,32.265,233214
1504207800,32.295,32.235,32.275,32.26,200916
1504206000,32.305,32.24,32.295,32.275,187876
1504204200,32.3,32.2,32.265,32.3,244789
1504202400,32.29,32.225,32.28,32.27,100473
1504200600,32.31,32.245,32.265,32.27,216515
1504198800,32.29,32.23,32.245,32.265,183936
1504197000,32.34,32.19,32.22,32.25,333073
1504195200,32.26,32.15,32.15,32.215,262963
1504193400,32.225,32.135,32.14,32.155,275489
1504191600,32.275,32.11,32.245,32.13,481527
1504189800,32.275,32,32.1,32.24,658950
1504125000,32.085,31.97,32.06,31.99,2693848
1504123200,32.075,32.005,32.025,32.065,196475
1504121400,32.065,32.01,32.035,32.025,117011
1504119600,32.125,32.005,32.125,32.035,194711
1504117800,32.2,32.09,32.105,32.125,352226
1504116000,32.115,32.03,32.06,32.105,258354
1504114200,32.065,31.98,31.985,32.055,327380
1504112400,31.99,31.895,31.905,31.99,144465
1504110600,32.01,31.88,31.88,31.91,688422
1504108800,31.88,31.8,31.87,31.88,326916
1504107000,31.87,31.75,31.79,31.87,275237
1504105200,31.85,31.72,31.73,31.795,351547
1504103400,31.73,31.42,31.47,31.73,581204
1504038600,31.555,31.47,31.555,31.48,3164158
1504036800,31.56,31.48,31.49,31.555,60881
1504035000,31.485,31.42,31.45,31.48,189220
1504033200,31.49,31.435,31.49,31.455,130566
1504031400,31.54,31.47,31.51,31.495,83771
1504029600,31.525,31.45,31.51,31.51,162506
1504027800,31.56,31.49,31.535,31.5,156623
1504026000,31.585,31.53,31.58,31.54,131761
1504024200,31.61,31.51,31.54,31.585,163901
1504022400,31.625,31.495,31.52,31.54,270896
1504020600,31.54,31.39,31.39,31.51,228774
1504018800,31.405,31.305,31.34,31.39,221725
1504017000,31.43,31.2,31.26,31.34,715108
1503952200,31.54,31.445,31.47,31.54,1979807
1503950400,31.47,31.43,31.445,31.465,90336
1503948600,31.48,31.445,31.45,31.45,107654
1503946800,31.5,31.42,31.5,31.46,169443
1503945000,31.53,31.49,31.515,31.5,89421
1503943200,31.52,31.49,31.49,31.515,74673
1503941400,31.54,31.49,31.51,31.5,44784
1503939600,31.575,31.495,31.57,31.51,111153
1503937800,31.57,31.495,31.505,31.57,102997
1503936000,31.59,31.5,31.585,31.505,103313
1503934200,31.59,31.49,31.51,31.59,151794
1503932400,31.55,31.43,31.51,31.51,137439
1503930600,31.56,31.44,31.5,31.51,436276
1503693000,31.54,31.43,31.54,31.44,2202928
1503691200,31.61,31.545,31.59,31.545,147900
1503689400,31.61,31.56,31.59,31.595,85548
1503687600,31.62,31.575,31.6,31.59,83856
1503685800,31.62,31.545,31.575,31.61,143115
1503684000,31.605,31.5,31.505,31.58,104541
1503682200,31.56,31.48,31.53,31.51,108124
1503680400,31.61,31.535,31.59,31.535,89851
1503678600,31.625,31.54,31.585,31.595,164177
1503676800,31.62,31.51,31.62,31.585,241292
1503675000,31.77,31.62,31.76,31.62,390822
1503673200,31.8,31.645,31.645,31.76,400769
1503671400,31.71,31.37,31.39,31.65,752934
1503606600,31.36,31.165,31.36,31.24,4109733
1503604800,31.38,31.29,31.345,31.36,239578
1503603000,31.34,31.28,31.28,31.34,163262
1503601200,31.32,31.25,31.32,31.28,151890
1503599400,31.365,31.31,31.36,31.33,183296
1503597600,31.4,31.3,31.35,31.36,228507
1503595800,31.355,31.265,31.285,31.355,184262
1503594000,31.31,31.22,31.25,31.29,153499
1503592200,31.27,31.115,31.235,31.245,242198
1503590400,31.32,31.2,31.215,31.235,305167
1503588600,31.27,31.13,31.13,31.22,299058
1503586800,31.15,30.905,30.955,31.12,216706
1503585000,31.045,30.925,30.95,30.95,392149
1503520200,31.02,30.91,30.955,30.92,2981368
1503518400,31.02,30.955,30.99,30.96,184720
1503516600,31.03,30.98,30.98,30.985,149975
1503514800,31.04,30.97,31.035,30.98,252677
1503513000,31.15,31.025,31.15,31.035,293721
1503511200,31.23,31.15,31.2,31.15,141469
1503509400,31.21,31.16,31.18,31.19,122462
1503507600,31.28,31.17,31.24,31.18,124620
1503505800,31.34,31.24,31.33,31.25,120293
1503504000,31.395,31.33,31.36,31.33,212575
1503502200,31.37,31.29,31.3,31.35,210965
1503500400,31.3,31.18,31.2,31.3,303830
1503498600,31.22,31.07,31.21,31.2,662523
1503433800,31.315,31.235,31.255,31.27,3115564
1503432000,31.305,31.255,31.27,31.26,177883
1503430200,31.295,31.24,31.26,31.27,225837
1503428400,31.31,31.255,31.29,31.26,244963
1503426600,31.305,31.25,31.275,31.29,133900
1503424800,31.29,31.24,31.24,31.275,164199
1503423000,31.285,31.225,31.27,31.235,148855
1503421200,31.33,31.24,31.25,31.265,225160
1503419400,31.24,31.17,31.2,31.24,260976
1503417600,31.3,31.14,31.29,31.205,241063
1503415800,31.31,31.105,31.105,31.28,457188
1503414000,31.125,31.025,31.025,31.1,276526
1503412200,31.08,30.75,30.85,31.02,979331
1503347400,30.7,30.645,30.665,30.68,1995931
1503345600,30.79,30.655,30.76,30.665,212566
1503343800,30.77,30.7,30.7,30.765,299205
1503342000,30.705,30.64,30.645,30.705,289646
1503340200,30.685,30.645,30.675,30.645,261980
1503338400,30.715,30.665,30.68,30.67,152664
1503336600,30.73,30.66,30.69,30.68,186119
1503334800,30.7,30.62,30.66,30.695,211986
1503333000,30.71,30.61,30.615,30.66,288171
1503331200,30.62,30.455,30.54,30.62,371394
1503329400,30.57,30.47,30.475,30.545,549000
1503327600,30.55,30.43,30.535,30.47,555829
1503325800,30.645,30.36,30.37,30.53,945827
1503088200,30.475,30.36,30.445,30.37,2716635
1503086400,30.555,30.445,30.48,30.445,364030
1503084600,30.59,30.48,30.565,30.485,248024
1503082800,30.61,30.55,30.55,30.565,267128
1503081000,30.66,30.55,30.625,30.56,288699
1503079200,30.68,30.575,30.65,30.625,382639
1503077400,30.735,30.63,30.695,30.65,417104
1503075600,30.71,30.64,30.69,30.695,343776
1503073800,30.69,30.535,30.54,30.69,433452
1503072000,30.635,30.43,30.63,30.54,548453
1503070200,30.655,30.55,30.6,30.63,470140
1503068400,30.685,30.525,30.56,30.605,670655
1503066600,31.06,30.55,30.92,30.56,3132950
1503001800,31.07,30.895,30.9,31.04,4406024
1503000000,30.96,30.85,30.96,30.91,524852
1502998200,30.99,30.885,30.94,30.96,390583
1502996400,31.01,30.9,30.99,30.945,290056
1502994600,31,30.895,30.895,30.99,309110
1502992800,30.96,30.87,30.93,30.89,420069
1502991000,31.05,30.93,31.005,30.93,450508
1502989200,31.05,30.93,31.05,31.01,591351
1502987400,31.235,31.03,31.195,31.05,534340
1502985600,31.285,31.025,31.03,31.2,809218
1502983800,31.14,30.95,31.065,31.03,990863
1502982000,31.21,31.01,31.17,31.065,1479873
1502980200,31.76,31.11,31.49,31.17,2539195
1502915400,32.36,32.265,32.335,32.34,2271564
1502913600,32.365,32.23,32.255,32.335,449697
1502911800,32.315,32.22,32.3,32.25,288845
1502910000,32.4,32.215,32.37,32.305,404154
1502908200,32.41,32.305,32.315,32.37,286352
1502906400,32.41,32.285,32.395,32.315,287529
1502904600,32.465,32.39,32.455,32.395,253961
1502902800,32.46,32.395,32.425,32.455,200647
1502901000,32.46,32.39,32.41,32.425,205087
1502899200,32.41,32.29,32.4,32.41,266841
1502897400,32.435,32.35,32.42,32.4,321908
1502895600,32.42,32.19,32.195,32.42,328086
1502893800,32.275,32.06,32.06,32.19,1152718
1502829000,32.17,32.07,32.145,32.09,2444601
1502827200,32.19,32.085,32.105,32.145,373949
1502825400,32.12,32.025,32.05,32.1,233613
1502823600,32.06,31.93,31.955,32.06,211347
1502821800,32.03,31.95,32.02,31.95,104903
1502820000,32.03,31.96,31.99,32.025,142692
1502818200,32.04,31.97,31.99,31.99,182559
1502816400,32,31.925,31.99,31.99,132002
1502814600,32.08,31.98,32.05,31.99,198263
1502812800,32.045,31.985,32,32.04,210074
1502811000,32.055,31.95,32,31.99,438496
1502809200,32.095,31.95,32.08,32,241315
1502807400,32.21,31.85,31.95,32.08,915833
1502742600,31.885,31.79,31.875,31.84,3252326
1502740800,31.885,31.78,31.79,31.88,237423
1502739000,31.815,31.745,31.79,31.79,252589
1502737200,31.81,31.77,31.8,31.8,136409
1502735400,31.835,31.77,31.835,31.795,283670
1502733600,31.87,31.82,31.84,31.83,102688
1502731800,31.865,31.79,31.795,31.835,142900
1502730000,31.81,31.765,31.765,31.79,130942
1502728200,31.855,31.76,31.855,31.76,113992
1502726400,31.875,31.815,31.85,31.855,156439
1502724600,31.885,31.81,31.87,31.85,222884
1502722800,31.87,31.75,31.77,31.87,296613
1502721000,31.825,31.57,31.59,31.77,768325
1502483400,31.545,31.415,31.465,31.47,2174335
1502481600,31.47,31.375,31.41,31.46,347059
1502479800,31.515,31.385,31.495,31.4,354768
1502478000,31.535,31.44,31.44,31.495,201832
1502476200,31.475,31.395,31.45,31.45,186299
1502474400,31.445,31.37,31.395,31.445,162771
1502472600,31.445,31.36,31.415,31.395,153791
1502470800,31.48,31.34,31.35,31.415,220889
1502469000,31.395,31.28,31.28,31.35,340154
1502467200,31.39,31.26,31.385,31.275,288463
1502465400,31.39,31.3,31.345,31.385,220031
1502463600,31.46,31.2,31.21,31.345,425122
1502461800,31.265,31.04,31.16,31.22,1135065
1502397000,31.145,31,31.13,31,2582929
1502395200,31.32,31.11,31.315,31.13,560292
1502393400,31.415,31.3,31.36,31.315,230680
1502391600,31.385,31.315,31.345,31.36,187007
1502389800,31.37,31.315,31.365,31.34,127724
1502388000,31.39,31.32,31.33,31.37,157945
1502386200,31.385,31.29,31.38,31.33,299541
1502384400,31.48,31.385,31.43,31.39,189192
1502382600,31.52,31.38,31.495,31.43,218407
1502380800,31.49,31.455,31.46,31.49,23872
1502377200,31.48,31.32,31.42,31.48,302586
1502375400,31.55,31.35,31.53,31.43,765939
1502310600,31.675,31.55,31.555,31.62,1418771
1502308800,31.565,31.505,31.52,31.55,115625
1502307000,31.53,31.41,31.42,31.52,276920
1502305200,31.455,31.415,31.455,31.425,222619
1502303400,31.51,31.455,31.495,31.46,89882
1502301600,31.52,31.465,31.475,31.5,111365
1502299800,31.52,31.48,31.51,31.48,86538
1502298000,31.52,31.48,31.52,31.51,132697
1502296200,31.525,31.43,31.43,31.52,160829
1502294400,31.45,31.375,31.45,31.425,119976
1502292600,31.48,31.36,31.37,31.46,222774
1502290800,31.46,31.36,31.46,31.36,279634
1502289000,31.63,31.39,31.55,31.46,797410
1502224200,31.68,31.6,31.64,31.67,1390880
1502222400,31.75,31.62,31.72,31.65,238197
1502220600,31.78,31.71,31.78,31.72,107366
1502218800,31.815,31.765,31.815,31.775,59391
1502217000,31.81,31.75,31.77,31.81,118116
1502215200,31.845,31.77,31.79,31.77,66672
1502213400,31.875,31.79,31.87,31.79,191729
1502211600,31.94,31.87,31.91,31.87,184379
1502209800,31.92,31.82,31.82,31.91,220362
1502208000,31.86,31.8,31.82,31.815,160610
1502206200,31.83,31.715,31.735,31.82,178461
1502204400,31.765,31.635,31.655,31.73,124764
1502202600,32,31.61,31.75,31.655,590843
1502137800,31.86,31.795,31.85,31.84,1593810
1502136000,31.86,31.82,31.825,31.86,78701
1502134200,31.845,31.815,31.825,31.825,67006
1502132400,31.86,31.81,31.855,31.825,106408
1502130600,31.86,31.8,31.805,31.86,86067
1502128800,31.83,31.8,31.805,31.805,103646
1502127000,31.82,31.775,31.79,31.8,85727
1502125200,31.8,31.765,31.775,31.8,62249
1502123400,31.79,31.725,31.74,31.775,89798
1502121600,31.745,31.7,31.725,31.735,97382
1502119800,31.76,31.7,31.71,31.73,205605
1502118000,31.815,31.72,31.795,31.72,176597
1502116200,31.87,31.76,31.79,31.8,431043
1501878600,31.87,31.76,31.87,31.8,1976408
1501876800,31.895,31.855,31.86,31.875,178076
1501875000,31.875,31.83,31.83,31.865,35231
1501873200,31.91,31.81,31.86,31.83,200119
1501871400,31.865,31.8,31.815,31.85,144241
1501869600,31.82,31.705,31.705,31.82,177073
1501867800,31.75,31.71,31.74,31.71,67687
1501866000,31.76,31.725,31.725,31.74,70839
1501864200,31.73,31.68,31.69,31.73,65202
1501862400,31.69,31.65,31.68,31.685,54794
1501860600,31.785,31.66,31.685,31.68,218837
1501858800,31.69,31.58,31.665,31.685,252437
1501857000,31.75,31.64,31.67,31.67,656201
1501792200,31.59,31.51,31.59,31.56,1160877
1501790400,31.595,31.515,31.525,31.595,93561
1501788600,31.55,31.51,31.525,31.525,180169
1501786800,31.54,31.5,31.53,31.53,107940
1501785000,31.52,31.435,31.45,31.52,111151
1501783200,31.52,31.45,31.52,31.45,86746
1501781400,31.565,31.52,31.545,31.525,114099
1501779600,31.555,31.515,31.525,31.545,137760
1501777800,31.535,31.485,31.51,31.53,84620
1501776000,31.565,31.505,31.54,31.515,237970
1501774200,31.615,31.53,31.61,31.54,162823
1501772400,31.705,31.59,31.68,31.6,263243
1501770600,31.72,31.53,31.59,31.68,735650
1501705800,31.53,31.41,31.445,31.52,2034508
1501704000,31.48,31.44,31.47,31.44,122021
1501702200,31.475,31.365,31.37,31.475,181369
1501700400,31.41,31.36,31.375,31.37,181703
1501698600,31.39,31.33,31.335,31.38,156336
1501696800,31.34,31.27,31.295,31.34,175652
1501695000,31.305,31.26,31.28,31.29,98141
1501693200,31.315,31.265,31.305,31.275,139064
1501691400,31.32,31.285,31.32,31.305,138013
1501689600,31.34,31.29,31.32,31.32,140003
1501687800,31.435,31.255,31.425,31.31,288568
1501686000,31.495,31.36,31.445,31.42,287656
1501684200,31.57,31.44,31.57,31.44,650667
1501619400,31.655,31.57,31.58,31.65,1234331
1501617600,31.605,31.575,31.6,31.585,76753
1501615800,31.605,31.545,31.545,31.605,118151
1501614000,31.565,31.53,31.565,31.545,66519
1501612200,31.585,31.555,31.57,31.565,74611
1501610400,31.575,31.525,31.53,31.565,116024
1501608600,31.54,31.51,31.51,31.53,146201
1501606800,31.55,31.505,31.515,31.51,130684
1501605000,31.525,31.49,31.495,31.52,106951
1501603200,31.54,31.465,31.54,31.49,217790
1501601400,31.55,31.46,31.46,31.54,122886
1501599600,31.545,31.435,31.49,31.455,138258
1501597800,31.64,31.47,31.59,31.49,541653
1501533000,31.535,31.425,31.505,31.45,2990559
1501531200,31.505,31.455,31.485,31.505,89921
1501529400,31.52,31.44,31.52,31.485,136219
1501527600,31.53,31.46,31.49,31.525,93888
1501525800,31.49,31.44,31.47,31.485,111354
1501524000,31.48,31.42,31.43,31.465,160949
1501522200,31.445,31.4,31.43,31.43,204248
1501520400,31.49,31.43,31.48,31.43,173172
1501518600,31.525,31.46,31.47,31.485,149734
1501516800,31.48,31.44,31.45,31.465,244048
1501515000,31.5,31.44,31.49,31.44,190980
1501513200,31.495,31.37,31.405,31.48,324192
1501511400,31.58,31.41,31.54,31.41,620958
1501273800,31.57,31.5,31.51,31.52,1442731
1501272000,31.555,31.48,31.535,31.51,158566
1501270200,31.555,31.52,31.525,31.53,121638
1501268400,31.53,31.46,31.46,31.525,120831
1501266600,31.465,31.43,31.43,31.46,66457
1501264800,31.44,31.39,31.435,31.43,117174
1501263000,31.46,31.42,31.43,31.44,96578
1501261200,31.48,31.42,31.445,31.425,121151
1501259400,31.455,31.35,31.35,31.445,120400
1501257600,31.37,31.27,31.33,31.35,242790
1501255800,31.395,31.31,31.385,31.32,164059
1501254000,31.48,31.35,31.47,31.38,227465
1501252200,31.58,31.435,31.45,31.465,724132
1501187400,31.57,31.39,31.4,31.57,2677748
1501185600,31.42,31.315,31.36,31.4,190018
1501183800,31.37,31.275,31.35,31.36,117973
1501182000,31.375,31.25,31.29,31.35,185064
1501180200,31.345,31.21,31.345,31.29,395611
1501178400,31.39,31.21,31.355,31.34,490017
1501176600,31.625,31.34,31.62,31.35,374484
1501174800,31.64,31.595,31.595,31.61,93661
1501173000,31.59,31.53,31.535,31.59,153257
1501171200,31.55,31.49,31.515,31.53,122168
1501169400,31.54,31.47,31.54,31.51,167669
1501167600,31.54,31.37,31.42,31.54,367996
1501165800,31.75,31.42,31.73,31.42,945618
1501101000,31.66,31.55,31.595,31.66,3470161
1501099200,31.62,31.515,31.57,31.6,367079
1501097400,31.65,31.555,31.645,31.565,326374
1501095600,31.7,31.61,31.64,31.645,309410
1501093800,31.735,31.625,31.725,31.64,271447
1501092000,31.82,31.72,31.82,31.725,177666
1501090200,31.83,31.79,31.81,31.815,151981
1501088400,31.83,31.805,31.805,31.81,51714
1501086600,31.855,31.77,31.855,31.81,201478
1501084800,31.87,31.82,31.855,31.855,136013
1501083000,31.96,31.855,31.955,31.855,163553
1501081200,32.1,31.955,32.09,31.955,192320
1501079400,32.22,32.02,32.2,32.09,733281
1501014600,32.155,32.105,32.155,32.12,1655388
1501012800,32.165,32.1,32.165,32.155,111502
1501011000,32.165,32.14,32.16,32.16,85478
1501009200,32.165,32.115,32.16,32.155,94609
1501007400,32.16,32.135,32.135,32.16,31918
1501005600,32.15,32.1,32.105,32.135,80642
1501003800,32.17,32.105,32.15,32.105,167035
1501002000,32.17,32.125,32.17,32.15,122632
1501000200,32.225,32.155,32.215,32.17,127905
1500998400,32.24,32.12,32.13,32.215,244181
1500996600,32.13,32.03,32.03,32.13,83261
1500994800,32.07,31.98,32.07,32.02,207226
1500993000,32.08,31.88,31.9,32.06,858937
1500928200,31.91,31.845,31.9,31.86,4134306
1500926400,31.9,31.83,31.845,31.9,115755
1500924600,31.87,31.805,31.81,31.845,57169
1500922800,31.845,31.8,31.81,31.805,129301
1500921000,31.82,31.755,31.755,31.81,48489
1500919200,31.79,31.755,31.785,31.755,76085
1500917400,31.78,31.755,31.765,31.78,38980
1500915600,31.81,31.75,31.77,31.77,121250
1500913800,31.79,31.695,31.695,31.775,136860
1500912000,31.71,31.665,31.705,31.695,130668
1500910200,31.79,31.705,31.78,31.705,147976
1500908400,31.845,31.765,31.845,31.785,161422
1500906600,31.91,31.81,31.85,31.85,423677
1500669000,31.855,31.82,31.84,31.84,1753988
1500667200,31.85,31.815,31.83,31.83,104838
1500665400,31.85,31.805,31.83,31.82,115714
1500663600,31.85,31.805,31.845,31.825,85936
1500661800,31.9,31.83,31.9,31.845,138888
1500660000,31.925,31.895,31.925,31.9,41780
1500658200,31.945,31.89,31.89,31.925,48667
1500656400,31.945,31.88,31.91,31.89,91216
1500654600,31.915,31.865,31.865,31.9,101034
1500652800,31.88,31.805,31.83,31.87,101583
1500651000,31.875,31.805,31.83,31.83,132966
1500649200,31.845,31.72,31.75,31.84,194387
1500647400,32.02,31.71,31.8,31.75,2266473
1500582600,31.915,31.85,31.89,31.86,1967210
1500580800,31.91,31.865,31.885,31.885,252094
1500579000,31.905,31.855,31.89,31.88,151468
1500577200,31.92,31.88,31.905,31.895,107456
1500575400,31.955,31.885,31.885,31.905,102522
1500573600,31.945,31.885,31.94,31.885,116695
1500571800,31.94,31.89,31.895,31.94,86605
1500570000,31.95,31.895,31.925,31.895,83268
1500568200,31.945,31.86,31.915,31.925,131064
1500566400,31.92,31.845,31.85,31.91,174511
1500564600,31.875,31.765,31.84,31.86,209914
1500562800,31.88,31.775,31.875,31.84,363177
1500561000,32.05,31.8,32,31.875,876011
1500496200,31.945,31.855,31.945,31.9,1996263
1500494400,31.98,31.925,31.955,31.95,290949
1500492600,32.045,31.95,31.995,31.955,338904
1500490800,31.995,31.93,31.95,31.995,181246
1500489000,31.955,31.88,31.935,31.95,188244
1500487200,31.955,31.9,31.9,31.94,132066
1500485400,31.965,31.88,31.965,31.9,145814
1500483600,31.975,31.92,31.92,31.965,197014
1500481800,31.925,31.82,31.82,31.91,235495
1500480000,31.845,31.745,31.745,31.815,132409
1500478200,31.77,31.69,31.74,31.745,161619
1500476400,31.74,31.65,31.67,31.74,160162
1500474600,31.67,31.49,31.61,31.67,635547
1500409800,31.51,31.435,31.445,31.51,1763568
1500408000,31.45,31.39,31.39,31.445,120700
1500406200,31.38,31.335,31.335,31.38,56279
1500404400,31.355,31.325,31.33,31.33,96422
1500402600,31.35,31.26,31.26,31.33,157570
1500400800,31.305,31.255,31.295,31.255,88263
1500399000,31.34,31.3,31.32,31.3,106094
1500397200,31.385,31.315,31.34,31.315,79695
1500395400,31.375,31.29,31.295,31.335,82680
1500393600,31.36,31.285,31.35,31.295,102209
1500391800,31.37,31.24,31.315,31.35,248048
1500390000,31.38,31.3,31.33,31.315,210011
1500388200,31.42,31.18,31.42,31.34,674733
1500323400,31.53,31.48,31.48,31.5,2591870
1500321600,31.52,31.465,31.515,31.485,146437
1500319800,31.52,31.47,31.485,31.51,148037
1500318000,31.495,31.46,31.49,31.49,150338
1500316200,31.52,31.475,31.505,31.49,176956
1500314400,31.54,31.505,31.53,31.51,94209
1500312600,31.535,31.5,31.525,31.53,70379
1500310800,31.575,31.515,31.54,31.52,124932
1500309000,31.565,31.48,31.55,31.53,141025
1500307200,31.585,31.54,31.575,31.55,116558
1500305400,31.635,31.57,31.605,31.575,163059
1500303600,31.605,31.53,31.6,31.605,168021
1500301800,31.605,31.45,31.5,31.605,665473
1500064200,31.45,31.39,31.4,31.42,1834739
1500062400,31.41,31.355,31.375,31.4,99248
1500060600,31.44,31.37,31.435,31.375,88606
1500058800,31.45,31.405,31.41,31.43,81200
1500057000,31.425,31.39,31.405,31.405,77382
1500055200,31.41,31.365,31.38,31.41,113006
1500053400,31.4,31.37,31.37,31.385,66647
1500051600,31.37,31.315,31.335,31.37,52451
1500049800,31.355,31.315,31.32,31.335,72772
1500048000,31.35,31.29,31.33,31.32,95990
1500046200,31.355,31.315,31.345,31.335,91461
1500044400,31.4,31.285,31.29,31.34,158376
1500042600,31.39,31.28,31.37,31.3,566081
1499977800,31.28,31.215,31.235,31.27,2667261
1499976000,31.275,31.215,31.26,31.24,110171
1499974200,31.26,31.215,31.23,31.255,125563
1499972400,31.245,31.185,31.235,31.23,97090
1499970600,31.235,31.185,31.215,31.235,59620
1499968800,31.255,31.195,31.225,31.21,67008
1499967000,31.235,31.18,31.19,31.225,75772
1499965200,31.235,31.175,31.2,31.195,85178
1499963400,31.22,31.11,31.13,31.195,145274
1499961600,31.2,31.125,31.165,31.125,76608
1499959800,31.175,31.085,31.105,31.165,124067
1499958000,31.225,31.11,31.17,31.11,115831
1499956200,31.26,31.11,31.26,31.17,467039
1499891400,31.25,31.15,31.23,31.16,2494436
1499889600,31.235,31.185,31.19,31.225,228331
1499887800,31.25,31.155,31.25,31.19,249580
1499886000,31.3,31.205,31.3,31.255,159581
1499884200,31.3,31.2,31.22,31.3,129589
1499882400,31.315,31.205,31.295,31.215,176305
1499880600,31.3,31.265,31.295,31.29,62011
1499878800,31.32,31.255,31.265,31.29,186146
1499877000,31.275,31.23,31.255,31.265,64984
1499875200,31.3,31.24,31.29,31.255,127911
1499873400,31.38,31.255,31.38,31.28,295309
1499871600,31.42,31.335,31.39,31.38,397344
1499869800,31.43,31.25,31.25,31.385,892715
1499805000,31.12,31.07,31.085,31.09,1809659
1499803200,31.09,31.05,31.05,31.085,60571
1499801400,31.065,31.035,31.05,31.05,61227
1499799600,31.1,31.025,31.08,31.05,89766
1499797800,31.085,30.985,30.985,31.08,117747
1499796000,31,30.95,30.97,30.99,76114
1499794200,30.995,30.935,30.95,30.975,75326
1499792400,30.975,30.9,30.955,30.95,111142
1499790600,30.965,30.885,30.91,30.95,205456
1499788800,31.045,30.865,31.035,30.92,354996
1499787000,31.1,31.02,31.065,31.035,122990
1499785200,31.085,30.95,30.98,31.06,171372
1499783400,31.05,30.94,31.05,30.97,596325
1499718600,31.075,30.98,31.015,30.98,1632748
1499716800,31.04,30.995,31.035,31.02,138673
1499715000,31.055,31.015,31.03,31.04,68830
1499713200,31.075,31.025,31.05,31.04,125613
1499711400,31.04,30.98,31,31.04,102495
1499709600,31,30.97,30.975,30.995,85224
1499707800,31,30.95,30.955,30.975,120046
1499706000,30.98,30.925,30.935,30.955,139800
1499704200,30.97,30.895,30.945,30.935,228356
1499702400,30.99,30.91,30.99,30.94,211024
1499700600,31.025,30.955,31.015,30.985,144871
1499698800,31.085,30.965,30.965,31.015,297055
1499697000,30.995,30.83,30.88,30.96,719880
1499459400,30.975,30.89,30.965,30.9,2083537
1499457600,30.97,30.91,30.96,30.965,273401
1499455800,30.99,30.97,30.99,30.97,81610
1499454000,31.06,30.99,31.045,30.99,98012
1499452200,31.06,31.01,31.045,31.045,88152
1499450400,31.055,30.97,30.97,31.05,139267
1499448600,30.99,30.96,30.98,30.96,80816
1499446800,31.015,30.965,30.99,30.98,104841
1499445000,30.99,30.875,30.875,30.99,215312
1499443200,30.89,30.815,30.835,30.88,141660
1499441400,30.895,30.825,30.85,30.835,111797
1499439600,30.845,30.795,30.84,30.845,229468
1499437800,30.89,30.75,30.76,30.84,860859
1499373000,30.75,30.675,30.72,30.72,3661290
1499371200,30.76,30.7,30.71,30.715,208137
1499369400,30.785,30.71,30.77,30.715,217340
1499367600,30.82,30.73,30.82,30.77,215762
1499365800,30.88,30.82,30.88,30.83,147993
1499364000,30.89,30.825,30.825,30.875,116502
1499362200,30.88,30.82,30.825,30.83,124990
1499360400,30.94,30.815,30.925,30.82,125005
1499358600,30.95,30.84,30.84,30.92,145693
1499356800,30.895,30.785,30.79,30.83,201696
1499355000,30.835,30.755,30.78,30.78,205482
1499353200,30.855,30.745,30.845,30.785,428299
1499351400,31.02,30.82,30.99,30.84,763692
