date,high,low,open,close,volume
1520883000,51.795,51.35,51.35,51.52,3452767
1520881200,51.38,51.26,51.27,51.36,247438
1520879400,51.335,51.22,51.26,51.27,194740
1520877600,51.41,51.17,51.37,51.26,180091
1520875800,51.45,51.31,51.44,51.36,192057
1520874000,51.49,51.25,51.25,51.45,177085
1520872200,51.31,51.2,51.26,51.24,141014
1520870400,51.42,51.26,51.29,51.27,188071
1520868600,51.29,50.875,50.9,51.28,217077
1520866800,51.13,50.86,51.08,50.89,288093
1520865000,51.35,51.005,51.26,51.08,369750
1520863200,51.39,51.03,51.15,51.27,509064
1520861400,51.95,50.5,51.86,51.16,1604943
1520627400,52.22,51.97,52,52.19,4397302
1520625600,52.01,51.91,51.965,52,306804
1520623800,52,51.825,51.99,51.96,216180
1520622000,52.15,51.895,52.07,51.99,246224
1520620200,52.2,52,52.16,52.07,197303
1520618400,52.29,52.15,52.175,52.15,209207
1520616600,52.25,52.12,52.15,52.18,188800
1520614800,52.22,51.94,51.94,52.15,322047
1520613000,52.08,51.88,51.95,51.93,276130
1520611200,51.99,51.86,51.87,51.95,330183
1520609400,52.02,51.64,51.75,51.87,508750
1520607600,51.81,51.53,51.58,51.75,395069
1520605800,51.63,51.01,51.26,51.56,967954
1520541000,50.75,50.48,50.715,50.74,2465812
1520539200,50.89,50.69,50.78,50.71,450714
1520537400,50.83,50.55,50.67,50.78,319551
1520535600,50.715,50.51,50.695,50.67,319141
1520533800,50.815,50.61,50.69,50.69,229495
1520532000,51,50.565,50.88,50.68,205291
1520530200,51.035,50.8,51.02,50.875,213282
1520528400,51.15,50.735,51.15,51.015,270860
1520526600,51.17,50.99,51.1,51.15,205163
1520524800,51.23,51.005,51.1,51.1,340773
1520523000,51.3,50.95,51.3,51.11,428360
1520521200,51.525,51.29,51.445,51.305,420446
1520519400,52.08,51.375,51.79,51.44,1273304
1520454600,51.43,51.28,51.365,51.32,2206096
1520452800,51.485,51.06,51.095,51.36,346337
1520451000,51.225,50.95,50.955,51.11,331419
1520449200,51.165,50.96,51.05,50.96,218763
1520447400,51.12,50.9,50.92,51.05,272453
1520445600,50.91,50.58,50.72,50.91,196580
1520443800,50.78,50.55,50.675,50.73,200824
1520442000,50.73,50.445,50.61,50.67,448349
1520440200,51.03,50.59,50.83,50.61,311600
1520438400,51.175,50.735,51.165,50.82,434976
1520436600,51.18,50.77,50.84,51.16,411950
1520434800,50.95,50.5,50.54,50.84,449891
1520433000,51.04,50.1,50.18,50.55,1475254
1520368200,50.72,50.515,50.575,50.71,3247006
1520366400,50.865,50.455,50.85,50.58,361256
1520364600,50.91,50.665,50.665,50.86,250621
1520362800,50.755,50.57,50.67,50.67,353506
1520361000,50.91,50.62,50.85,50.67,282797
1520359200,51.11,50.78,50.96,50.85,373214
1520357400,50.97,50.31,50.35,50.97,374238
1520355600,50.59,50.35,50.575,50.36,501816
1520353800,50.66,50.315,50.4,50.575,291776
1520352000,50.64,50.28,50.52,50.4,458295
1520350200,51.33,50.4,51.21,50.52,675929
1520348400,51.25,50.5,50.75,51.2,858550
1520346600,50.87,50.19,50.22,50.75,1347543
1520281800,49.795,49.47,49.52,49.75,4119992
1520280000,49.75,49.51,49.71,49.53,351532
1520278200,49.73,49.455,49.48,49.72,349649
1520276400,49.645,49.305,49.6,49.48,314816
1520274600,49.635,49.465,49.51,49.6,297598
1520272800,49.72,49.425,49.44,49.52,473331
1520271000,49.44,49.08,49.17,49.44,273454
1520269200,49.3,49.02,49.16,49.16,305896
1520267400,49.2,48.88,48.9,49.15,334469
1520265600,48.92,48.64,48.69,48.9,351185
1520263800,48.71,48.32,48.41,48.69,315632
1520262000,48.41,48.05,48.225,48.41,439402
1520260200,48.68,48.09,48.55,48.23,1270605
1520022600,49.045,48.57,48.59,48.98,3358884
1520020800,48.63,48.31,48.5,48.59,399438
1520019000,48.62,48.28,48.38,48.5,300151
1520017200,48.69,48.33,48.43,48.39,365266
1520015400,48.43,48.035,48.13,48.43,393687
1520013600,48.59,48.13,48.57,48.13,309562
1520011800,48.65,48.26,48.4,48.58,311920
1520010000,48.45,48.21,48.4,48.41,444725
1520008200,48.42,47.84,48.02,48.42,402745
1520006400,48.08,47.6,47.91,48.01,424824
1520004600,48.125,47.69,47.71,47.91,586627
1520002800,47.73,47.25,47.27,47.7,517134
1520001000,47.53,46.96,47.2,47.27,1132991
1519936200,48.145,47.62,48.06,47.84,3358946
1519934400,48.22,47.565,47.805,48.06,603739
1519932600,47.9,47.505,47.78,47.82,520651
1519930800,47.85,47.47,47.77,47.77,759734
1519929000,48.27,47.76,48.19,47.76,595066
1519927200,48.58,48.07,48.58,48.2,742867
1519925400,48.87,48.57,48.87,48.59,606501
1519923600,49.38,48.78,49.35,48.88,378559
1519921800,49.41,48.84,48.86,49.35,328693
1519920000,49.13,48.755,48.97,48.85,302418
1519918200,49.48,48.92,49.33,48.95,391159
1519916400,49.39,48.87,48.94,49.32,569035
1519914600,49.71,48.93,49.53,48.95,989331
1519849800,49.84,49.28,49.76,49.29,6166107
1519848000,49.86,49.625,49.825,49.75,400774
1519846200,50.13,49.785,50.13,49.82,231590
1519844400,50.34,50.14,50.24,50.14,150173
1519842600,50.24,50.06,50.12,50.24,154913
1519840800,50.19,49.96,50.03,50.12,252692
1519839000,50.12,49.415,49.46,50.04,370086
1519837200,49.63,49.47,49.57,49.47,186752
1519835400,49.81,49.33,49.8,49.56,275500
1519833600,49.85,49.45,49.73,49.8,293634
1519831800,50.085,49.58,50.01,49.73,344889
1519830000,50.13,49.88,50.13,50.01,319417
1519828200,50.31,49.35,50.16,50.12,1252858
1519763400,50.24,49.9,50.065,49.91,5542405
1519761600,50.18,49.89,50.09,50.065,465700
1519759800,50.31,49.995,50.115,50.1,317735
1519758000,50.23,49.965,50.175,50.12,348202
1519756200,50.28,50.07,50.28,50.19,246351
1519754400,50.55,50.22,50.25,50.285,406255
1519752600,50.28,49.83,49.84,50.26,290571
1519750800,50.09,49.75,49.84,49.85,399964
1519749000,50.17,49.805,50.04,49.83,356655
1519747200,50.39,49.95,50.15,50.05,406697
1519745400,50.75,49.84,50.725,50.15,741090
1519743600,50.89,49.88,49.89,50.72,1040015
1519741800,50.18,49.31,49.31,49.89,1404620
1519677000,49.13,48.975,49.09,49.11,2459941
1519675200,49.12,48.915,48.915,49.1,275406
1519673400,48.98,48.86,48.93,48.91,203365
1519671600,49.08,48.855,48.87,48.93,359608
1519669800,48.91,48.745,48.87,48.87,178831
1519668000,48.9,48.75,48.89,48.86,214511
1519666200,48.89,48.6,48.655,48.89,344344
1519664400,48.69,48.505,48.51,48.65,207838
1519662600,48.6,48.32,48.33,48.51,205346
1519660800,48.4,48.11,48.14,48.34,299403
1519659000,48.49,48.135,48.39,48.15,315582
1519657200,48.67,48.29,48.565,48.39,477797
1519655400,48.69,48.17,48.21,48.56,1467642
1519417800,47.78,47.5,47.695,47.73,3557743
1519416000,47.75,47.54,47.545,47.695,418341
1519414200,47.63,47.23,47.28,47.54,366383
1519412400,47.36,47.255,47.335,47.28,215439
1519410600,47.42,47.27,47.39,47.34,164540
1519408800,47.495,47.305,47.47,47.4,175562
1519407000,47.53,47.3,47.3,47.475,184565
1519405200,47.57,47.27,47.41,47.28,364719
1519403400,47.415,47.27,47.31,47.41,243426
1519401600,47.36,46.86,46.86,47.305,403916
1519399800,46.89,46.73,46.77,46.86,194556
1519398000,46.99,46.73,46.895,46.77,253247
1519396200,47.02,46.34,46.34,46.9,1109644
1519331400,45.94,45.62,45.875,45.8,1901113
1519329600,45.97,45.72,45.81,45.88,259520
1519327800,46.11,45.79,46.08,45.82,202878
1519326000,46.08,45.825,45.83,46.07,166388
1519324200,45.92,45.72,45.91,45.83,218334
1519322400,46.01,45.845,45.95,45.91,172195
1519320600,46.07,45.85,46.04,45.94,242259
1519318800,46.22,46.015,46.2,46.03,166725
1519317000,46.26,46.07,46.26,46.2,162875
1519315200,46.31,46.085,46.11,46.27,160450
1519313400,46.45,46.09,46.41,46.13,216634
1519311600,46.45,46.195,46.35,46.41,263939
1519309800,46.56,46.05,46.14,46.34,506066
1519245000,46.515,45.92,46.32,45.94,4714018
1519243200,46.6,46.195,46.6,46.33,568998
1519241400,46.9,46.54,46.87,46.59,317113
1519239600,47.05,46.55,46.61,46.86,482097
1519237800,46.705,46.53,46.53,46.61,180536
1519236000,46.55,46.49,46.51,46.52,96904
1519234200,46.54,46.4,46.47,46.51,149275
1519232400,46.62,46.455,46.56,46.48,164407
1519230600,46.76,46.55,46.63,46.555,249141
1519228800,46.64,46.44,46.585,46.64,319669
1519227000,46.75,46.56,46.62,46.58,286697
1519225200,46.67,46.41,46.645,46.62,293882
1519223400,46.89,46.42,46.72,46.645,1098516
1519158600,46.41,46.11,46.11,46.32,2729883
1519156800,46.37,45.925,46.315,46.11,385929
1519155000,46.615,46.265,46.43,46.31,226926
1519153200,46.63,46.38,46.63,46.44,241274
1519151400,46.63,46.44,46.46,46.63,172619
1519149600,46.595,46.42,46.54,46.47,181430
1519147800,46.63,46.525,46.61,46.55,156692
1519146000,46.7,46.57,46.67,46.61,164175
1519144200,46.67,46.41,46.46,46.665,201889
1519142400,46.46,46.08,46.08,46.46,280997
1519140600,46.27,45.96,46.23,46.08,297458
1519138800,46.405,46.16,46.29,46.24,526757
1519137000,46.445,45.39,45.4,46.28,1517293
1518813000,45.91,45.51,45.88,45.56,2717455
1518811200,46.02,45.825,45.955,45.87,455938
1518809400,46,45.81,45.9,45.95,370912
1518807600,46.03,45.71,45.89,45.9,229687
1518805800,46.12,45.74,45.87,45.87,249737
1518804000,46.34,45.86,46.28,45.875,313493
1518802200,46.58,46.225,46.45,46.27,259075
1518800400,46.45,46.36,46.41,46.44,128516
1518798600,46.47,46.3,46.43,46.41,171413
1518796800,46.515,46.37,46.4,46.42,258159
1518795000,46.47,46.335,46.35,46.39,204911
1518793200,46.38,46.08,46.29,46.36,340990
1518791400,46.45,45.79,45.8,46.28,1794207
1518726600,45.92,45.69,45.815,45.92,4116881
1518724800,45.875,45.68,45.68,45.815,175519
1518723000,45.75,45.62,45.66,45.67,149473
1518721200,45.67,45.5,45.53,45.67,125394
1518719400,45.59,45.365,45.46,45.52,201841
1518717600,45.65,45.44,45.44,45.46,183360
1518715800,45.53,45.36,45.36,45.44,154805
1518714000,45.37,45.19,45.26,45.36,146596
1518712200,45.35,45.2,45.33,45.26,213970
1518710400,45.41,44.95,45.06,45.325,348013
1518708600,45.69,45.06,45.65,45.06,361824
1518706800,45.97,45.55,45.955,45.65,255707
1518705000,45.985,45.61,45.82,45.96,811815
1518640200,45.505,45.34,45.41,45.38,2689550
1518638400,45.465,45.12,45.12,45.42,396642
1518636600,45.17,44.96,44.99,45.12,229619
1518634800,45.11,44.92,44.92,44.99,264769
1518633000,44.93,44.715,44.73,44.91,172003
1518631200,44.84,44.65,44.69,44.72,196217
1518629400,44.71,44.46,44.48,44.68,169805
1518627600,44.545,44.35,44.49,44.47,172788
1518625800,44.745,44.45,44.6,44.48,259523
1518624000,44.66,44.5,44.58,44.59,246986
1518622200,44.755,44.49,44.64,44.57,328568
1518620400,44.8,44.23,44.23,44.64,386048
1518618600,44.43,44.04,44.13,44.23,820330
1518553800,44.505,44.27,44.38,44.46,2894799
1518552000,44.555,44.36,44.53,44.39,270151
1518550200,44.67,44.49,44.66,44.53,256782
1518548400,44.77,44.59,44.63,44.65,149620
1518546600,44.67,44.51,44.52,44.61,113532
1518544800,44.6,44.26,44.29,44.52,212065
1518543000,44.43,44.28,44.33,44.29,146055
1518541200,44.47,44.31,44.43,44.33,121163
1518539400,44.46,44.35,44.39,44.435,124745
1518537600,44.55,44.335,44.44,44.4,191679
1518535800,44.54,44.38,44.5,44.45,205875
1518534000,44.62,44.39,44.465,44.49,198986
1518532200,44.59,44.29,44.42,44.46,764712
1518467400,45.04,44.61,44.97,44.83,3915207
1518465600,45.155,44.955,44.99,44.97,319416
1518463800,45.115,44.86,45.01,44.99,263279
1518462000,45.02,44.865,44.99,45.01,212540
1518460200,45.04,44.75,44.8,44.99,196142
1518458400,44.855,44.69,44.83,44.79,213526
1518456600,44.93,44.74,44.92,44.83,260522
1518454800,45.02,44.715,44.85,44.92,301477
1518453000,44.87,44.5,44.55,44.845,322001
1518451200,44.725,44.42,44.555,44.56,395434
1518449400,44.78,44.37,44.625,44.56,549733
1518447600,45,44.4,44.79,44.62,704158
1518445800,45.01,44.1,44.14,44.79,1398921
1518208200,44.26,43.45,43.5,43.95,6572728
1518206400,43.58,42.98,43.34,43.5,772212
1518204600,43.6,43.14,43.29,43.35,789115
1518202800,43.67,42.53,42.55,43.3,1253934
1518201000,42.73,42.05,42.23,42.54,674543
1518199200,42.83,42.17,42.83,42.25,474020
1518197400,42.85,42.21,42.4,42.82,552783
1518195600,42.95,42.38,42.82,42.38,569941
1518193800,43.38,42.82,43.13,42.83,425084
1518192000,43.555,43.03,43.19,43.13,510471
1518190200,43.76,42.87,43.61,43.2,863273
1518188400,43.83,43.22,43.74,43.61,611535
1518186600,43.94,43.02,43.55,43.72,1416955
1518121800,43.59,42.74,43.48,42.75,5114392
1518120000,43.73,43.31,43.54,43.47,727433
1518118200,43.84,43.4,43.74,43.54,474787
1518116400,44.11,43.7,44.02,43.76,407717
1518114600,44.2,43.5,43.5,44.01,555568
1518112800,43.86,43.33,43.41,43.51,671747
1518111000,43.83,43.255,43.59,43.42,656996
1518109200,44.045,43.425,43.91,43.59,499255
1518107400,44.055,43.58,43.63,43.89,513074
1518105600,44.08,43.52,43.91,43.64,672568
1518103800,44.415,43.75,44.335,43.92,673598
1518102000,44.71,44.295,44.51,44.34,485320
1518100200,45.405,44.51,45.28,44.52,1000423
1518035400,45.845,45.2,45.77,45.2,4325297
1518033600,45.83,45.395,45.395,45.77,470045
1518031800,45.78,45.21,45.725,45.39,416455
1518030000,45.74,45.47,45.705,45.73,424617
1518028200,45.88,45.42,45.48,45.705,444730
1518026400,45.84,45.23,45.77,45.48,698547
1518024600,46.14,45.7,46.12,45.76,404651
1518022800,46.25,46.03,46.21,46.11,415618
1518021000,46.295,46.02,46.18,46.21,497616
1518019200,46.27,45.805,45.875,46.19,576948
1518017400,46.03,45.49,45.66,45.87,568076
1518015600,45.83,45.22,45.27,45.655,861045
1518013800,45.4,44.35,44.58,45.28,1618171
1517949000,44.91,44.44,44.6,44.91,4879333
1517947200,44.93,44.34,44.36,44.6,980079
1517945400,44.39,43.66,43.7,44.36,778374
1517943600,43.91,43.52,43.7,43.7,535064
1517941800,44.06,43.61,44.01,43.695,635868
1517940000,44.18,43.72,44.08,44.02,653161
1517938200,44.43,43.91,44.25,44.08,727839
1517936400,44.3,43.79,43.85,44.25,513240
1517934600,44.07,43.22,43.52,43.84,637189
1517932800,43.83,43.17,43.47,43.52,883840
1517931000,43.805,43.04,43.58,43.47,1157457
1517929200,44.5,43.35,44.27,43.56,1388385
1517927400,44.875,43.81,44.04,44.27,2584804
1517862600,45.965,44.5,45.9,44.52,6499104
1517860800,46.11,45.06,46.015,45.89,1299938
1517859000,46.49,45.97,46.49,46.02,662396
1517857200,46.805,46.455,46.8,46.49,462417
1517855400,46.825,46.52,46.56,46.79,394027
1517853600,46.71,46.445,46.71,46.56,464763
1517851800,46.87,46.61,46.61,46.72,215480
1517850000,46.9,46.52,46.89,46.61,322786
1517848200,46.92,46.75,46.84,46.9,280719
1517846400,47.2,46.845,47.055,46.86,376899
1517844600,47.25,46.895,47.06,47.06,539344
1517842800,47.13,46.4,46.42,47.06,847908
1517841000,46.555,46.11,46.43,46.415,1897411
1517603400,46.405,46.105,46.405,46.15,3821488
1517601600,46.63,46.395,46.55,46.405,485221
1517599800,46.85,46.485,46.7,46.56,341438
1517598000,46.945,46.67,46.94,46.695,327351
1517596200,47.05,46.87,47.01,46.935,172136
1517594400,47.13,46.92,47.105,46.99,184350
1517592600,47.27,47.1,47.27,47.11,153675
1517590800,47.29,46.96,47.02,47.28,191986
1517589000,47.31,47.01,47.28,47.02,190491
1517587200,47.39,47.115,47.25,47.29,309713
1517585400,47.35,47.12,47.185,47.255,289908
1517583600,47.37,46.9,47.315,47.18,500211
1517581800,47.79,47.195,47.32,47.32,1181598
1517517000,47.69,47.45,47.62,47.65,4907298
1517515200,47.84,47.615,47.785,47.62,171137
1517513400,47.85,47.76,47.81,47.79,156761
1517511600,47.9,47.67,47.825,47.815,346510
1517509800,47.915,47.73,47.915,47.83,164173
1517508000,47.955,47.825,47.83,47.915,217689
1517506200,47.9,47.805,47.82,47.83,74152
1517504400,47.975,47.78,47.945,47.82,169709
1517502600,48.015,47.915,47.96,47.94,131004
1517500800,48.22,47.84,48.17,47.96,235494
1517499000,48.305,48.09,48.11,48.17,184516
1517497200,48.46,48.05,48.33,48.12,352429
1517495400,48.42,47.57,47.63,48.33,1237604
1517430600,48.26,48.02,48.11,48.14,5378574
1517428800,48.15,47.99,48.1,48.11,422879
1517427000,48.15,47.98,48.065,48.1,456851
1517425200,48.14,47.975,48,48.06,533479
1517423400,48.085,47.905,47.92,47.99,256607
1517421600,48.01,47.89,47.92,47.92,260754
1517419800,47.96,47.77,47.86,47.93,238381
1517418000,47.895,47.56,47.69,47.87,246723
1517416200,48.02,47.64,47.95,47.68,351585
1517414400,48.09,47.92,48.01,47.955,280917
1517412600,48.32,47.935,48.3,48.01,381548
1517410800,48.41,48.085,48.27,48.3,451124
1517409000,49.25,48.185,49.25,48.26,1290036
1517344200,49.03,48.78,49.01,48.79,2564564
1517342400,49.05,48.89,48.92,49.005,324641
1517340600,49.08,48.855,49.065,48.925,254728
1517338800,49.21,48.995,49.01,49.065,330017
1517337000,49.08,48.865,48.87,49.02,352884
1517335200,48.955,48.75,48.955,48.87,221581
1517333400,49.055,48.86,49.03,48.955,316746
1517331600,49.13,48.97,49.045,49.03,295671
1517329800,49.46,48.92,49.45,49.03,493265
1517328000,49.67,49.41,49.58,49.45,400230
1517326200,49.97,49.515,49.94,49.58,396616
1517324400,49.985,49.71,49.76,49.94,629953
1517322600,50.06,49.4,49.47,49.77,1697997
1517257800,50.24,49.86,49.98,49.98,4867756
1517256000,50.165,49.965,50.14,49.99,352511
1517254200,50.395,50.06,50.33,50.14,350253
1517252400,50.49,50.27,50.395,50.33,292950
1517250600,50.51,50.31,50.51,50.4,299988
1517248800,50.64,50.485,50.615,50.505,300905
1517247000,50.63,50.405,50.56,50.61,338925
1517245200,50.75,50.52,50.75,50.56,326337
1517243400,50.85,50.51,50.535,50.75,429014
1517241600,50.55,50.25,50.35,50.53,492036
1517239800,50.455,50.165,50.43,50.35,442776
1517238000,50.46,49.81,50.04,50.43,782791
1517236200,50.07,49.38,49.61,50.05,3156163
1516998600,50.15,49.695,49.785,50.08,5140285
1516996800,49.92,49.63,49.73,49.78,561538
1516995000,49.82,49.555,49.58,49.73,444585
1516993200,49.795,49.5,49.62,49.59,448267
1516991400,49.65,49.48,49.53,49.61,376721
1516989600,49.61,49.375,49.38,49.53,566644
1516987800,49.39,49.03,49.31,49.38,527587
1516986000,49.61,49.15,49.535,49.315,680200
1516984200,49.685,49.39,49.62,49.53,587539
1516982400,49.94,49.41,49.69,49.6,1133681
1516980600,49.8,49.165,49.22,49.69,1208689
1516978800,49.53,48.75,48.77,49.21,2052477
1516977000,49.05,48.12,48.38,48.77,5117582
1516912200,45.43,45.225,45.24,45.3,2517372
1516910400,45.4,45.175,45.215,45.24,363660
1516908600,45.54,45.18,45.485,45.22,327209
1516906800,45.51,45.35,45.485,45.48,260591
1516905000,45.55,45.27,45.29,45.485,229845
1516903200,45.39,45.19,45.265,45.29,220838
1516901400,45.63,45.27,45.585,45.28,271189
1516899600,45.725,45.52,45.715,45.585,230235
1516897800,45.74,45.54,45.54,45.71,355043
1516896000,45.53,45.3,45.43,45.53,279827
1516894200,45.89,45.27,45.795,45.43,495542
1516892400,45.995,45.7,45.85,45.79,342871
1516890600,46.365,45.81,45.86,45.86,1302769
1516825800,45.61,45.48,45.5,45.51,3504055
1516824000,45.51,45.36,45.445,45.5,245055
1516822200,45.605,45.43,45.53,45.44,290253
1516820400,45.53,45.405,45.425,45.53,307646
1516818600,45.46,45.21,45.23,45.425,243871
1516816800,45.26,44.96,45.21,45.23,294037
1516815000,45.44,45.12,45.435,45.21,228187
1516813200,45.49,45.215,45.34,45.44,232073
1516811400,45.695,45.28,45.63,45.33,423640
1516809600,46.03,45.62,46.02,45.63,328141
1516807800,46.11,45.98,46.1,46.01,215080
1516806000,46.125,45.99,46.07,46.11,281681
1516804200,46.1,45.58,45.93,46.07,1215662
1516739400,46.09,45.885,45.89,46.06,3181490
1516737600,45.905,45.84,45.88,45.89,233100
1516735800,45.9,45.755,45.76,45.885,165226
1516734000,45.83,45.71,45.83,45.76,131568
1516732200,45.845,45.755,45.76,45.83,122681
1516730400,45.825,45.74,45.75,45.755,107020
1516728600,45.815,45.735,45.78,45.75,90636
1516726800,45.8,45.7,45.7,45.79,146664
1516725000,45.835,45.68,45.825,45.695,166125
1516723200,45.91,45.785,45.83,45.83,212552
1516721400,45.89,45.73,45.82,45.83,265747
1516719600,45.88,45.66,45.79,45.83,322576
1516717800,45.95,45.64,45.88,45.795,803054
1516653000,45.75,45.53,45.635,45.75,4485645
1516651200,45.71,45.62,45.65,45.635,188648
1516649400,45.78,45.64,45.75,45.65,171523
1516647600,45.785,45.72,45.73,45.74,166740
1516645800,45.72,45.545,45.55,45.72,229291
1516644000,45.57,45.48,45.55,45.55,163014
1516642200,45.57,45.33,45.47,45.54,547061
1516640400,45.5,45.44,45.475,45.475,124476
1516638600,45.48,45.36,45.385,45.48,150433
1516636800,45.405,45.32,45.34,45.39,158680
1516635000,45.455,45.31,45.41,45.35,282907
1516633200,45.44,45.17,45.19,45.42,402078
1516631400,45.23,44.79,44.79,45.19,869498
1516393800,44.89,44.72,44.77,44.82,4339827
1516392000,44.765,44.6,44.61,44.765,274762
1516390200,44.68,44.51,44.51,44.61,193092
1516388400,44.62,44.51,44.56,44.51,165228
1516386600,44.61,44.495,44.585,44.56,125261
1516384800,44.615,44.46,44.59,44.585,169915
1516383000,44.6,44.5,44.51,44.6,113405
1516381200,44.53,44.46,44.465,44.51,97396
1516379400,44.55,44.44,44.45,44.465,173107
1516377600,44.47,44.29,44.36,44.45,218172
1516375800,44.475,44.25,44.475,44.355,228791
1516374000,44.49,44.27,44.34,44.475,301693
1516372200,44.67,44.31,44.62,44.34,2878422
1516307400,44.57,44.45,44.57,44.48,3984593
1516305600,44.67,44.525,44.565,44.58,289814
1516303800,44.605,44.49,44.49,44.57,221367
1516302000,44.5,44.4,44.4,44.5,190868
1516300200,44.42,44.255,44.3,44.4,141422
1516298400,44.3,44.17,44.24,44.3,136769
1516296600,44.36,44.23,44.35,44.24,93635
1516294800,44.34,44.18,44.2,44.34,123981
1516293000,44.425,44.2,44.425,44.2,233829
1516291200,44.64,44.38,44.59,44.43,261806
1516289400,44.665,44.52,44.54,44.6,188727
1516287600,44.58,44.41,44.58,44.52,363719
1516285800,44.73,44.32,44.4,44.58,1062111
1516221000,44.445,44.29,44.29,44.39,4536325
1516219200,44.38,44.255,44.27,44.285,311831
1516217400,44.35,44.25,44.32,44.275,276618
1516215600,44.35,44.26,44.3,44.325,345007
1516213800,44.39,44.3,44.375,44.3,271542
1516212000,44.445,44.355,44.395,44.375,193775
1516210200,44.4,44.26,44.27,44.395,284849
1516208400,44.32,44.19,44.19,44.27,285135
1516206600,44.37,44.165,44.355,44.19,275039
1516204800,44.355,44.165,44.28,44.35,352202
1516203000,44.32,44.12,44.13,44.28,482271
1516201200,44.14,43.81,43.825,44.13,659895
1516199400,43.99,43.51,43.55,43.83,1246214
1516134600,43.26,43.06,43.11,43.14,8473162
1516132800,43.14,42.99,43.07,43.12,518085
1516131000,43.1,42.89,43.015,43.07,356538
1516129200,43.13,42.96,43.11,43.01,416490
1516127400,43.39,43.1,43.39,43.11,287724
1516125600,43.4,43.295,43.305,43.38,194995
1516123800,43.37,43.27,43.32,43.3,215741
1516122000,43.35,43.24,43.24,43.32,201734
1516120200,43.44,43.23,43.41,43.23,294769
1516118400,43.555,43.3,43.54,43.41,339697
1516116600,43.54,43.385,43.5,43.54,336058
1516114800,43.76,43.44,43.76,43.5,517854
1516113000,43.785,43.53,43.56,43.77,1333853
1515789000,43.33,43.18,43.18,43.24,4386129
1515787200,43.205,43.11,43.18,43.18,253546
1515785400,43.21,43.07,43.2,43.18,246937
1515783600,43.22,43.075,43.195,43.195,206386
1515781800,43.23,43.075,43.115,43.19,250105
1515780000,43.16,43.01,43.155,43.11,276952
1515778200,43.19,43.1,43.13,43.15,240984
1515776400,43.29,43.085,43.28,43.14,354861
1515774600,43.36,43.255,43.33,43.28,244771
1515772800,43.37,43.19,43.31,43.33,338244
1515771000,43.365,43.05,43.25,43.31,404997
1515769200,43.29,43.02,43.19,43.25,381717
1515767400,43.6,43.16,43.42,43.18,1040165
1515702600,43.42,43.23,43.34,43.41,4505644
1515700800,43.39,43.3,43.355,43.34,224806
1515699000,43.465,43.35,43.45,43.36,130141
1515697200,43.495,43.4,43.44,43.45,214910
1515695400,43.555,43.34,43.545,43.435,228459
1515693600,43.57,43.45,43.57,43.54,198771
1515691800,43.575,43.4,43.4,43.575,494857
1515690000,43.43,43.005,43.065,43.39,339031
1515688200,43.09,42.97,43.055,43.07,235490
1515686400,43.1,42.945,42.955,43.055,249881
1515684600,43.01,42.825,42.98,42.955,232789
1515682800,43.09,42.88,43.035,42.975,345864
1515681000,43.045,42.45,42.7,43.03,1087560
1515616200,42.62,42.44,42.525,42.5,3375106
1515614400,42.7,42.51,42.685,42.52,489854
1515612600,42.74,42.6,42.715,42.685,445667
1515610800,42.91,42.67,42.9,42.72,668381
1515609000,42.965,42.88,42.96,42.9,223238
1515607200,42.99,42.77,42.885,42.97,429364
1515605400,42.96,42.86,42.95,42.885,384998
1515603600,43.06,42.92,43.055,42.955,323352
1515601800,43.13,43.01,43.04,43.06,299272
1515600000,43.1,42.89,42.96,43.04,417801
1515598200,43.01,42.8,43.01,42.95,553060
1515596400,43.47,42.87,43.47,43.01,917720
1515594600,43.6,43.12,43.37,43.47,1353222
1515529800,43.64,43.495,43.59,43.62,5134111
1515528000,43.685,43.585,43.67,43.585,243355
1515526200,43.685,43.57,43.645,43.665,224747
1515524400,43.85,43.54,43.845,43.64,507749
1515522600,44.01,43.81,44.01,43.845,364836
1515520800,44.15,43.95,44.07,44.01,219563
1515519000,44.085,43.915,43.92,44.07,185245
1515517200,44.32,43.75,44.32,43.92,1411809
1515515400,44.53,44.26,44.51,44.33,278114
1515513600,44.54,44.425,44.45,44.515,213748
1515511800,44.59,44.405,44.51,44.45,263164
1515510000,44.7,44.38,44.48,44.5,335058
1515508200,44.84,44.33,44.71,44.485,1168541
1515443400,44.75,44.62,44.645,44.74,5193295
1515441600,44.72,44.61,44.645,44.64,193211
1515439800,44.685,44.525,44.57,44.64,187367
1515438000,44.67,44.53,44.67,44.575,244219
1515436200,44.705,44.54,44.655,44.665,352375
1515434400,44.795,44.645,44.765,44.655,232991
1515432600,44.84,44.675,44.75,44.76,202589
1515430800,44.75,44.62,44.66,44.75,172546
1515429000,44.7,44.55,44.66,44.65,254482
1515427200,44.74,44.44,44.44,44.67,335528
1515425400,44.48,44.255,44.375,44.44,420187
1515423600,44.6,44.21,44.21,44.37,619456
1515421800,44.39,43.96,44.25,44.21,1749306
1515184200,44.82,44.605,44.63,44.74,3350470
1515182400,44.64,44.52,44.525,44.63,247591
1515180600,44.76,44.46,44.72,44.53,480028
1515178800,44.94,44.66,44.92,44.725,226013
1515177000,45.01,44.87,44.98,44.91,205483
1515175200,45.095,44.825,45.075,44.98,309501
1515173400,45.15,44.97,44.985,45.075,540714
1515171600,45,44.915,44.925,44.98,202166
1515169800,44.925,44.795,44.89,44.92,240761
1515168000,44.9,44.59,44.63,44.88,425958
1515166200,44.73,44.5,44.69,44.63,464488
1515164400,44.695,44.36,44.4,44.68,825652
1515162600,44.48,43.91,44.47,44.41,2284397
1515097800,44.65,44.42,44.475,44.43,3398545
1515096000,44.51,44.2,44.255,44.475,556473
1515094200,44.28,44.17,44.17,44.26,295010
1515092400,44.28,44.13,44.19,44.16,288504
1515090600,44.215,44.08,44.165,44.185,236307
1515088800,44.275,44.07,44.12,44.16,550618
1515087000,44.34,43.95,44.02,44.11,822505
1515085200,44.165,43.87,44.085,44.02,667909
1515083400,44.09,43.715,43.715,44.09,732558
1515081600,43.9,43.6,43.69,43.71,849541
1515079800,43.78,42.93,43.13,43.68,1680603
1515078000,43.34,42.69,43.26,43.12,1947960
1515076200,43.68,42.94,43.57,43.25,4742548
1515011400,45.26,44.84,44.84,45.26,5969801
1515009600,45.45,43.92,43.925,44.84,4483227
1515007800,44.055,43.75,44.04,43.92,967932
1515006000,44.27,44.02,44.03,44.05,1008038
1515004200,44.405,43.65,44.345,44.03,1909633
1515002400,44.65,44.26,44.62,44.35,1063546
1515000600,44.93,44.57,44.875,44.62,713748
1514998800,45.11,44.81,45.095,44.88,981975
1514997000,45.64,44.89,45.64,45.09,1784360
1514995200,45.79,45.62,45.715,45.64,346108
1514993400,45.91,45.62,45.69,45.715,504798
1514991600,45.96,45.56,45.8,45.69,849463
1514989800,46.2,45.05,45.44,45.79,2512861
1514925000,46.85,46.64,46.655,46.85,5191784
1514923200,46.665,46.56,46.56,46.655,105649
1514921400,46.65,46.535,46.64,46.56,156681
1514919600,46.71,46.6,46.71,46.64,157945
1514917800,46.73,46.69,46.7,46.71,121759
1514916000,46.72,46.69,46.695,46.71,103236
1514914200,46.76,46.64,46.76,46.695,150222
1514912400,46.83,46.67,46.81,46.75,174676
1514910600,46.895,46.79,46.83,46.815,186687
1514908800,46.83,46.695,46.79,46.83,158295
1514907000,46.855,46.7,46.825,46.79,165958
1514905200,46.9,46.69,46.82,46.825,315763
1514903400,46.84,46.22,46.36,46.82,683384
1514579400,46.425,46.16,46.425,46.16,4794785
1514577600,46.425,46.335,46.35,46.425,156904
1514575800,46.435,46.34,46.42,46.35,76820
1514574000,46.49,46.4,46.41,46.43,124673
1514572200,46.43,46.315,46.4,46.4,145870
1514570400,46.41,46.23,46.25,46.4,153274
1514568600,46.305,46.24,46.29,46.25,49014
1514566800,46.315,46.225,46.23,46.29,130316
1514565000,46.245,46.18,46.23,46.23,66434
1514563200,46.24,46.15,46.19,46.23,133679
1514561400,46.24,46.11,46.19,46.19,158018
1514559600,46.19,46.09,46.15,46.19,73501
1514557800,46.4,46.14,46.21,46.16,567630
1514493000,46.25,46.17,46.18,46.22,1036865
1514491200,46.19,46.12,46.125,46.18,124097
1514489400,46.18,46.12,46.145,46.12,103160
1514487600,46.24,46.13,46.24,46.14,85693
1514485800,46.25,46.2,46.23,46.25,81538
1514484000,46.34,46.215,46.34,46.235,66421
1514482200,46.34,46.26,46.3,46.34,87271
1514480400,46.315,46.23,46.285,46.3,133883
1514478600,46.3,46.22,46.24,46.29,75049
1514476800,46.315,46.195,46.235,46.25,102484
1514475000,46.24,46.05,46.05,46.24,150761
1514473200,46.085,45.96,46.07,46.04,175394
1514471400,46.32,46,46.29,46.07,366871
1514406600,46.145,46.02,46.06,46.11,2274830
1514404800,46.12,46.05,46.07,46.06,79828
1514403000,46.12,46.06,46.115,46.07,59726
1514401200,46.13,46.06,46.07,46.12,92299
1514399400,46.08,46.04,46.065,46.07,60804
1514397600,46.125,46.06,46.105,46.07,51688
1514395800,46.13,46.08,46.08,46.11,72372
1514394000,46.095,46.01,46.025,46.085,72627
1514392200,46.17,46.02,46.12,46.02,111208
1514390400,46.275,46.12,46.26,46.13,65520
1514388600,46.255,46.13,46.18,46.255,163335
1514386800,46.35,46.18,46.24,46.18,254801
1514385000,46.27,46.05,46.11,46.24,438665
1514320200,46.115,45.98,46.06,46.08,3388815
1514318400,46.155,46.06,46.105,46.06,123836
1514316600,46.135,46.055,46.11,46.1,106808
1514314800,46.14,46.05,46.135,46.1,116958
1514313000,46.19,46.12,46.165,46.13,111604
1514311200,46.235,46.135,46.215,46.165,88865
1514309400,46.275,46.22,46.24,46.22,61556
1514307600,46.29,46.23,46.28,46.25,80868
1514305800,46.29,46.19,46.2,46.28,86853
1514304000,46.27,46.15,46.22,46.2,108422
1514302200,46.44,46.23,46.3,46.23,151087
1514300400,46.47,46.19,46.2,46.31,182605
1514298600,46.35,45.95,46.28,46.2,785605
1513974600,47.01,46.35,46.35,46.7,7159169
1513972800,46.39,46.205,46.205,46.345,238824
1513971000,46.21,46.145,46.18,46.205,114594
1513969200,46.33,46.105,46.305,46.19,340693
1513967400,46.32,46.025,46.035,46.3,235614
1513965600,46.18,46.03,46.175,46.03,182927
1513963800,46.26,46.17,46.195,46.18,115404
1513962000,46.19,46.1,46.1,46.19,132659
1513960200,46.265,46.1,46.24,46.1,196353
1513958400,46.29,46.16,46.265,46.23,233214
1513956600,46.42,46.27,46.4,46.27,260102
1513954800,46.67,46.39,46.67,46.41,353418
1513953000,46.71,46.2,46.34,46.68,1416847
1513888200,46.89,46.565,46.66,46.76,10429104
1513886400,46.84,46.64,46.815,46.66,399603
1513884600,46.88,46.68,46.825,46.815,341100
1513882800,47.025,46.8,46.995,46.83,269451
1513881000,47.06,46.955,47,47,173943
1513879200,47.06,46.84,46.86,47.01,226516
1513877400,46.935,46.84,46.92,46.87,226618
1513875600,46.95,46.85,46.95,46.92,274243
1513873800,47.03,46.9,46.98,46.96,200184
1513872000,47,46.8,46.89,46.98,215398
1513870200,47.13,46.88,47.035,46.89,314271
1513868400,47.145,46.91,47.04,47.03,336583
1513866600,47.58,46.8,47.54,47.03,1261939
1513801800,47.64,47.33,47.395,47.56,6851102
1513800000,47.505,47.2,47.2,47.4,629500
1513798200,47.22,47.105,47.15,47.2,298598
1513796400,47.48,47.145,47.455,47.145,256764
1513794600,47.52,47.39,47.495,47.45,230533
1513792800,47.53,47.38,47.395,47.5,242977
1513791000,47.41,47.28,47.345,47.4,244551
1513789200,47.485,47.26,47.27,47.35,344550
1513787400,47.405,47.18,47.235,47.26,365657
1513785600,47.285,46.82,46.845,47.24,480170
1513783800,46.865,46.69,46.75,46.84,366531
1513782000,46.895,46.66,46.86,46.75,481371
1513780200,47.59,46.67,47.48,46.86,1567763
1513715400,47.26,46.51,46.51,47.04,7137550
1513713600,46.55,46.29,46.35,46.5,485796
1513711800,46.545,46.31,46.53,46.345,339251
1513710000,46.585,46.4,46.57,46.52,326048
1513708200,46.675,46.44,46.44,46.57,408237
1513706400,46.44,46.285,46.335,46.43,239617
1513704600,46.35,46.13,46.17,46.34,304808
1513702800,46.195,46.06,46.08,46.175,231692
1513701000,46.325,46.05,46.2,46.085,303682
1513699200,46.215,46,46.01,46.2,273255
1513697400,46.325,45.89,46.32,46.01,586799
1513695600,46.52,46.26,46.44,46.32,441332
1513693800,46.65,46.225,46.25,46.45,1505347
1513629000,46.35,45.975,46.18,46.26,11282071
1513627200,46.265,45.89,45.91,46.175,828579
1513625400,45.98,45.86,45.96,45.92,558909
1513623600,46.05,45.765,45.78,45.955,577160
1513621800,45.84,45.73,45.83,45.77,288958
1513620000,45.905,45.82,45.875,45.825,315106
1513618200,45.9,45.8,45.82,45.875,282930
1513616400,45.85,45.64,45.655,45.82,434193
1513614600,45.65,45.445,45.55,45.65,339416
1513612800,45.61,45.39,45.435,45.555,322026
1513611000,45.52,45.27,45.52,45.43,393142
1513609200,45.69,45.41,45.5,45.52,714957
1513607400,45.53,45.04,45.13,45.49,1376969
1513369800,44.84,44.4,44.73,44.56,9233949
1513368000,44.79,44.58,44.58,44.73,387391
1513366200,44.71,44.54,44.7,44.57,206714
1513364400,44.74,44.585,44.665,44.695,283209
1513362600,44.69,44.49,44.555,44.66,262362
1513360800,44.605,44.39,44.395,44.555,330629
1513359000,44.415,44.195,44.3,44.395,269019
1513357200,44.41,44.29,44.33,44.3,274791
1513355400,44.335,44,44,44.33,378592
1513353600,44.025,43.72,43.72,43.99,437485
1513351800,43.77,43.615,43.7,43.715,235275
1513350000,43.92,43.355,43.355,43.71,543688
1513348200,43.5,43.07,43.5,43.36,7069952
1513283400,43.32,43.195,43.195,43.26,2332333
1513281600,43.265,43.15,43.26,43.195,108387
1513279800,43.27,43.17,43.18,43.27,120166
1513278000,43.375,43.17,43.345,43.17,207982
1513276200,43.45,43.335,43.45,43.34,163459
1513274400,43.48,43.39,43.47,43.45,164761
1513272600,43.525,43.44,43.44,43.48,216440
1513270800,43.45,43.34,43.385,43.45,176133
1513269000,43.44,43.33,43.335,43.385,185863
1513267200,43.34,43.24,43.24,43.33,195744
1513265400,43.4,43.24,43.33,43.24,180019
1513263600,43.37,43.02,43.19,43.32,399689
1513261800,43.56,43.19,43.46,43.2,429688
1513197000,43.485,43.33,43.41,43.34,4840023
1513195200,43.51,43.4,43.46,43.41,200865
1513193400,43.52,43.45,43.495,43.46,171141
1513191600,43.54,43.38,43.41,43.495,221461
1513189800,43.49,43.375,43.44,43.41,139240
1513188000,43.5,43.4,43.4,43.44,203197
1513186200,43.45,43.34,43.4,43.4,144344
1513184400,43.42,43.31,43.325,43.39,129686
1513182600,43.38,43.24,43.37,43.33,172308
1513180800,43.41,43.25,43.41,43.365,201713
1513179000,43.535,43.38,43.45,43.41,216253
1513177200,43.45,43.305,43.31,43.44,171775
1513175400,43.66,43.3,43.65,43.32,662063
1513110600,43.375,43.31,43.365,43.33,2470624
1513108800,43.445,43.34,43.435,43.365,111434
1513107000,43.515,43.405,43.41,43.44,220852
1513105200,43.41,43.32,43.33,43.4,135015
1513103400,43.42,43.325,43.37,43.34,95186
1513101600,43.45,43.37,43.435,43.37,88843
1513099800,43.43,43.36,43.37,43.43,103917
1513098000,43.45,43.36,43.44,43.37,128902
1513096200,43.53,43.36,43.38,43.44,170983
1513094400,43.405,43.26,43.29,43.35,179928
1513092600,43.325,43.19,43.24,43.285,282846
1513090800,43.26,43.08,43.22,43.23,284412
1513089000,43.62,43.145,43.45,43.22,690954
1513024200,43.67,43.48,43.5,43.66,3435604
1513022400,43.605,43.49,43.605,43.5,266504
1513020600,43.63,43.47,43.48,43.605,150379
1513018800,43.5,43.44,43.46,43.485,96928
1513017000,43.52,43.445,43.455,43.46,76655
1513015200,43.5,43.43,43.46,43.45,111919
1513013400,43.59,43.45,43.545,43.46,123390
1513011600,43.62,43.53,43.61,43.54,134245
1513009800,43.775,43.58,43.595,43.615,219697
1513008000,43.59,43.4,43.43,43.59,166769
1513006200,43.46,43.33,43.365,43.43,144914
1513004400,43.46,43.36,43.42,43.36,256797
1513002600,43.57,43.26,43.34,43.41,608631
1512765000,43.42,43.34,43.42,43.35,1896504
1512763200,43.415,43.33,43.34,43.415,175901
1512761400,43.39,43.32,43.35,43.34,153208
1512759600,43.47,43.3,43.435,43.35,257200
1512757800,43.44,43.36,43.385,43.44,161045
1512756000,43.405,43.35,43.395,43.38,127661
1512754200,43.43,43.25,43.28,43.395,298794
1512752400,43.32,43.175,43.21,43.28,170695
1512750600,43.325,43.16,43.22,43.21,159849
1512748800,43.47,43.2,43.455,43.2,241658
1512747000,43.475,43.385,43.44,43.45,137069
1512745200,43.575,43.385,43.46,43.435,228532
1512743400,43.515,43.11,43.26,43.455,830543
1512678600,43.1,42.99,43.04,43.08,4686534
1512676800,43.05,42.895,42.94,43.05,181864
1512675000,42.935,42.785,42.84,42.93,262273
1512673200,42.97,42.83,42.925,42.84,188283
1512671400,43.03,42.87,42.995,42.92,257860
1512669600,43.13,42.92,43.1,43,292908
1512667800,43.135,43.07,43.08,43.09,183152
1512666000,43.28,43.05,43.28,43.08,205352
1512664200,43.29,43.06,43.1,43.28,241954
1512662400,43.1,42.965,43.06,43.1,214884
1512660600,43.11,42.89,42.93,43.06,335780
1512658800,43.1,42.915,43.035,42.925,534520
1512657000,43.56,43.02,43.5,43.035,767948
1512592200,43.46,43.37,43.395,43.45,5424232
1512590400,43.455,43.345,43.425,43.4,232066
1512588600,43.55,43.41,43.54,43.42,174509
1512586800,43.71,43.535,43.56,43.55,192301
1512585000,43.62,43.415,43.415,43.565,146781
1512583200,43.455,43.355,43.385,43.41,100726
1512581400,43.44,43.335,43.335,43.39,160708
1512579600,43.445,43.295,43.38,43.34,180856
1512577800,43.4,43.2,43.24,43.38,177980
1512576000,43.33,43.19,43.33,43.245,332970
1512574200,43.365,43.08,43.32,43.33,378573
1512572400,43.47,43.18,43.36,43.315,385961
1512570600,43.41,42.68,43.14,43.35,1177693
1512505800,43.515,43.36,43.48,43.44,3924047
1512504000,43.53,43.32,43.35,43.49,287409
1512502200,43.59,43.23,43.59,43.35,415911
1512500400,43.65,43.45,43.595,43.595,236094
1512498600,43.66,43.555,43.59,43.59,147091
1512496800,43.63,43.39,43.61,43.59,404488
1512495000,43.78,43.58,43.765,43.6,270548
1512493200,43.9,43.705,43.865,43.765,307856
1512491400,44.175,43.845,44.16,43.86,337011
1512489600,44.42,44.135,44.265,44.15,257411
1512487800,44.32,44.12,44.255,44.27,334314
1512486000,44.53,44.22,44.38,44.25,448082
1512484200,44.9,44.16,44.59,44.37,843856
1512419400,44.61,44.375,44.5,44.49,2476074
1512417600,44.58,44.425,44.54,44.5,327595
1512415800,44.585,44.45,44.53,44.53,338443
1512414000,44.77,44.53,44.745,44.54,222275
1512412200,44.75,44.575,44.58,44.75,180207
1512410400,44.665,44.54,44.56,44.59,241816
1512408600,44.63,44.4,44.55,44.57,208312
1512406800,44.715,44.51,44.695,44.56,236543
1512405000,44.76,44.535,44.63,44.7,282345
1512403200,44.7,44.36,44.5,44.63,285509
1512401400,44.85,44.33,44.85,44.5,440655
1512399600,44.96,44.445,44.795,44.855,810632
1512397800,45.3,44.72,45.19,44.79,1388885
1512160200,44.7,44.395,44.395,44.68,2902435
1512158400,44.47,44.31,44.42,44.395,220836
1512156600,44.525,44.36,44.48,44.43,153743
1512154800,44.52,44.38,44.44,44.49,167939
1512153000,44.48,44.36,44.36,44.44,162324
1512151200,44.42,44.28,44.33,44.36,192184
1512149400,44.35,43.875,44.12,44.33,256213
1512147600,44.25,43.975,44.07,44.12,367569
1512145800,44.25,43.53,43.89,44.09,776265
1512144000,44.72,43.84,44.67,43.91,877039
1512142200,44.755,44.58,44.705,44.68,323616
1512140400,44.81,44.495,44.5,44.7,444939
1512138600,44.84,44.38,44.51,44.5,1169516
1512073800,44.955,44.735,44.95,44.84,5370113
1512072000,45.005,44.86,44.965,44.96,231923
1512070200,45.08,44.95,45.08,44.965,160321
1512068400,45.135,44.965,45.13,45.08,177260
1512066600,45.195,45.065,45.17,45.12,153169
1512064800,45.19,45.025,45.025,45.17,186816
1512063000,45.17,44.98,45.13,45.03,372525
1512061200,45.12,44.795,44.83,45.12,230746
1512059400,44.92,44.765,44.87,44.82,174351
1512057600,45.08,44.74,44.75,44.88,436717
1512055800,44.935,44.695,44.78,44.76,412361
1512054000,44.885,44.44,44.51,44.78,524700
1512052200,44.66,44.33,44.34,44.51,1291088
1511987400,44.05,43.91,43.94,43.95,2376816
1511985600,43.97,43.88,43.96,43.945,240430
1511983800,44.05,43.95,44.05,43.97,204070
1511982000,44.26,44,44.05,44.06,300044
1511980200,44.22,44.05,44.17,44.05,157463
1511978400,44.185,43.975,44.05,44.17,149616
1511976600,44.11,43.94,44.02,44.04,239408
1511974800,44.03,43.78,44.025,44.02,525364
1511973000,44.205,44.015,44.18,44.025,289873
1511971200,44.43,44.09,44.39,44.18,471622
1511969400,44.46,44.14,44.31,44.385,567404
1511967600,44.74,44.26,44.62,44.31,762138
1511965800,45.08,44.595,44.88,44.62,1133217
1511901000,44.73,44.56,44.61,44.73,2076150
1511899200,44.66,44.56,44.57,44.61,185132
1511897400,44.64,44.47,44.48,44.58,150970
1511895600,44.48,44.39,44.43,44.48,165547
1511893800,44.47,44.41,44.44,44.43,183478
1511892000,44.57,44.34,44.56,44.44,294692
1511890200,44.55,44.48,44.53,44.55,84372
1511888400,44.58,44.53,44.56,44.53,141943
1511886600,44.6,44.49,44.5,44.56,133607
1511884800,44.53,44.4,44.475,44.49,210674
1511883000,44.64,44.47,44.6,44.47,185701
1511881200,44.71,44.58,44.65,44.605,179102
1511879400,44.84,44.32,44.62,44.64,1024145
1511814600,44.51,44.41,44.48,44.49,2724213
1511812800,44.53,44.475,44.515,44.485,70231
1511811000,44.535,44.48,44.49,44.52,65859
1511809200,44.57,44.485,44.55,44.49,120740
1511807400,44.55,44.505,44.53,44.55,94919
1511805600,44.54,44.48,44.485,44.53,133158
1511803800,44.495,44.445,44.495,44.48,81344
1511802000,44.505,44.41,44.435,44.5,122345
1511800200,44.44,44.275,44.355,44.435,168167
1511798400,44.55,44.35,44.525,44.35,217239
1511796600,44.53,44.435,44.48,44.53,138103
1511794800,44.575,44.42,44.545,44.47,260046
1511793000,44.6,44.37,44.43,44.54,784734
1511550000,44.75,44.75,44.75,44.75,0
1511546400,44.75,44.75,44.75,44.75,0
1511544600,44.75,44.69,44.725,44.75,1161109
1511542800,44.775,44.7,44.74,44.725,110773
1511541000,44.75,44.685,44.72,44.745,120563
1511539200,44.76,44.615,44.64,44.72,100113
1511537400,44.65,44.56,44.56,44.63,117382
1511535600,44.56,44.43,44.515,44.56,209555
1511533800,44.71,44.46,44.55,44.52,633846
1511382600,44.71,44.63,44.69,44.65,4153894
1511380800,44.725,44.625,44.68,44.69,196588
1511379000,44.73,44.67,44.685,44.685,87962
1511377200,44.69,44.63,44.69,44.68,160473
1511375400,44.735,44.675,44.72,44.695,71741
1511373600,44.74,44.65,44.66,44.73,86535
1511371800,44.68,44.6,44.66,44.67,110562
1511370000,44.69,44.6,44.645,44.66,154214
1511368200,44.655,44.54,44.57,44.64,121058
1511366400,44.64,44.54,44.62,44.57,155134
1511364600,44.7,44.57,44.68,44.615,178029
1511362800,44.74,44.605,44.72,44.68,284534
1511361000,44.92,44.69,44.87,44.72,706723
1511296200,45.01,44.87,45,44.94,3286990
1511294400,45.03,44.99,45.005,45,149657
1511292600,45.04,44.95,45.04,45.005,114956
1511290800,45.035,44.985,45.02,45.03,135968
1511289000,45.04,44.97,44.97,45.02,116427
1511287200,45.015,44.95,45.01,44.965,163137
1511285400,45.015,44.955,44.97,45.015,85260
1511283600,45.03,44.97,44.98,44.97,104841
1511281800,45.01,44.9,44.93,44.98,174914
1511280000,45.05,44.92,45.005,44.93,176967
1511278200,45.04,44.83,44.895,45.01,246900
1511276400,45.175,44.85,45.17,44.9,385140
1511274600,45.22,44.71,44.79,45.16,785929
1511209800,44.725,44.61,44.7,44.62,1978569
1511208000,44.72,44.62,44.65,44.7,256993
1511206200,44.725,44.625,44.705,44.645,221872
1511204400,44.71,44.665,44.7,44.705,164967
1511202600,44.74,44.665,44.7,44.695,231101
1511200800,44.83,44.695,44.815,44.7,263086
1511199000,44.89,44.775,44.89,44.81,169219
1511197200,45.11,44.875,45.06,44.9,241333
1511195400,45.1,44.89,44.93,45.065,267413
1511193600,44.95,44.815,44.835,44.93,172497
1511191800,44.98,44.805,44.85,44.83,252412
1511190000,44.9,44.71,44.755,44.84,292867
1511188200,44.75,44.5,44.72,44.75,899560
1510950600,44.76,44.62,44.76,44.63,4151720
1510948800,44.83,44.74,44.825,44.765,343099
1510947000,44.86,44.795,44.845,44.82,307934
1510945200,44.925,44.82,44.915,44.85,289024
1510943400,44.935,44.86,44.89,44.915,167229
1510941600,44.935,44.86,44.92,44.9,167329
1510939800,44.97,44.91,44.95,44.93,136555
1510938000,45.03,44.85,44.915,44.96,243761
1510936200,45.02,44.87,44.99,44.91,263254
1510934400,45.08,44.945,45.07,44.995,270492
1510932600,45.23,44.96,45.07,45.065,404733
1510930800,45.355,44.9,45.21,45.06,629350
1510929000,45.56,45.21,45.56,45.21,1972536
1510864200,45.8,45.64,45.8,45.65,3115076
1510862400,45.85,45.73,45.83,45.8,260193
1510860600,45.995,45.82,45.97,45.82,144512
1510858800,46.07,45.98,45.98,45.98,91057
1510857000,46.02,45.86,45.86,45.98,161290
1510855200,45.945,45.85,45.9,45.86,90231
1510853400,45.93,45.85,45.865,45.9,128548
1510851600,45.88,45.78,45.81,45.87,112439
1510849800,45.84,45.745,45.79,45.81,124630
1510848000,45.89,45.745,45.84,45.785,190396
1510846200,45.86,45.61,45.65,45.835,216722
1510844400,45.72,45.54,45.63,45.645,176458
1510842600,45.82,45.46,45.63,45.63,722851
1510777800,45.56,45.345,45.55,45.46,2177362
1510776000,45.685,45.5,45.665,45.555,178190
1510774200,45.73,45.65,45.72,45.665,123845
1510772400,45.8,45.67,45.705,45.725,150909
1510770600,45.77,45.65,45.65,45.71,104968
1510768800,45.71,45.64,45.7,45.64,129221
1510767000,45.715,45.65,45.695,45.705,161870
1510765200,45.73,45.65,45.71,45.695,173895
1510763400,45.79,45.69,45.7,45.72,194759
1510761600,45.715,45.555,45.56,45.69,161549
1510759800,45.585,45.4,45.51,45.555,210926
1510758000,45.61,45.365,45.37,45.51,233714
1510756200,45.5,45.175,45.43,45.37,800111
1510691400,45.92,45.76,45.78,45.86,2936763
1510689600,45.835,45.775,45.81,45.78,148346
1510687800,45.805,45.7,45.72,45.8,118959
1510686000,45.74,45.68,45.74,45.71,117700
1510684200,45.785,45.69,45.7,45.73,135205
1510682400,45.72,45.54,45.61,45.705,140278
1510680600,45.85,45.57,45.795,45.61,189944
1510678800,45.82,45.69,45.7,45.79,119105
1510677000,45.78,45.665,45.69,45.7,225397
1510675200,45.695,45.55,45.59,45.69,174996
1510673400,45.63,45.33,45.415,45.58,329584
1510671600,45.65,45.32,45.645,45.41,466831
1510669800,45.805,45.46,45.64,45.65,692291
1510605000,45.77,45.7,45.77,45.75,2290119
1510603200,45.815,45.76,45.765,45.77,121790
1510601400,45.81,45.76,45.765,45.765,95825
1510599600,45.8,45.635,45.67,45.76,115269
1510597800,45.67,45.55,45.565,45.67,127069
1510596000,45.675,45.56,45.61,45.56,184212
1510594200,45.73,45.6,45.73,45.62,217145
1510592400,45.765,45.635,45.67,45.73,206359
1510590600,45.68,45.57,45.59,45.66,180963
1510588800,45.75,45.59,45.74,45.59,196702
1510587000,45.9,45.67,45.86,45.74,186641
1510585200,45.935,45.71,45.81,45.87,245873
1510583400,45.86,45.25,45.26,45.8,903837
1510345800,45.635,45.53,45.58,45.58,2488230
1510344000,45.59,45.5,45.5,45.575,225592
1510342200,45.535,45.435,45.53,45.5,262606
1510340400,45.59,45.45,45.515,45.53,245924
1510338600,45.525,45.415,45.415,45.51,265185
1510336800,45.52,45.415,45.5,45.42,296824
1510335000,45.59,45.48,45.59,45.5,224555
1510333200,45.635,45.51,45.545,45.59,259468
1510331400,45.575,45.445,45.465,45.545,225181
1510329600,45.62,45.4,45.585,45.465,382130
1510327800,45.605,45.38,45.54,45.585,525844
1510326000,45.735,45.52,45.64,45.54,538643
1510324200,46.09,45.64,46.09,45.64,904839
1510259400,46.325,46.16,46.16,46.3,1924973
1510257600,46.21,46.12,46.15,46.155,296607
1510255800,46.225,46.105,46.105,46.16,226616
1510254000,46.14,45.99,46.005,46.11,330153
1510252200,46.05,45.95,46.015,46,275446
1510250400,46.03,45.84,45.87,46.01,278190
1510248600,45.89,45.65,45.84,45.87,419857
1510246800,46.065,45.83,46.01,45.84,447246
1510245000,46.14,45.965,46.08,46.01,432037
1510243200,46.26,45.98,46.255,46.07,395931
1510241400,46.385,46.11,46.385,46.26,371210
1510239600,46.38,45.98,45.98,46.38,703302
1510237800,46.27,45.87,46.04,45.97,1469032
1510173000,46.7,46.56,46.645,46.7,3703061
1510171200,46.69,46.635,46.64,46.64,114330
1510169400,46.66,46.575,46.575,46.645,173739
1510167600,46.595,46.45,46.5,46.575,214153
1510165800,46.51,46.43,46.48,46.5,160694
1510164000,46.49,46.36,46.4,46.48,165523
1510162200,46.41,46.34,46.395,46.39,160286
1510160400,46.4,46.295,46.345,46.4,206281
1510158600,46.39,46.295,46.295,46.345,189886
1510156800,46.6,46.285,46.51,46.29,364958
1510155000,46.58,46.42,46.46,46.51,235158
1510153200,46.48,46.35,46.47,46.47,280389
1510151400,46.7,46.39,46.62,46.47,662940
1510086600,46.78,46.655,46.71,46.78,2155840
1510084800,46.755,46.645,46.67,46.71,204416
1510083000,46.72,46.65,46.7,46.67,182081
1510081200,46.715,46.55,46.58,46.71,162617
1510079400,46.635,46.53,46.53,46.585,120919
1510077600,46.555,46.45,46.51,46.54,188835
1510075800,46.62,46.48,46.52,46.51,207214
1510074000,46.56,46.4,46.46,46.52,310928
1510072200,46.765,46.39,46.72,46.465,327712
1510070400,46.84,46.69,46.73,46.71,230551
1510068600,46.77,46.64,46.75,46.74,299374
1510066800,47.01,46.695,47.01,46.74,481549
1510065000,47.09,46.65,46.73,47.02,980166
1510000200,46.735,46.61,46.63,46.7,3768102
1509998400,46.665,46.61,46.625,46.625,162197
1509996600,46.645,46.57,46.615,46.625,193742
1509994800,46.69,46.52,46.545,46.61,232961
1509993000,46.59,46.5,46.53,46.54,167008
1509991200,46.63,46.47,46.5,46.52,320023
1509989400,46.56,46.3,46.315,46.49,202211
1509987600,46.345,46.115,46.14,46.315,198047
1509985800,46.23,46.09,46.12,46.14,233449
1509984000,46.455,46.12,46.43,46.12,508790
1509982200,46.5,46.37,46.48,46.42,324988
1509980400,46.595,46.32,46.53,46.48,442641
1509978600,46.72,46.215,46.6,46.52,1584282
1509737400,46.38,45.91,45.995,46.34,2945547
1509735600,46.125,45.91,46.005,46,409754
1509733800,46.06,45.61,45.97,46,874880
1509732000,46.565,45.71,46.47,45.96,824244
1509730200,46.515,46.36,46.395,46.47,369790
1509728400,46.465,46.345,46.35,46.39,182072
1509726600,46.43,46.305,46.41,46.35,243104
1509724800,46.54,46.36,46.37,46.405,293433
1509723000,46.38,46.255,46.38,46.365,275802
1509721200,46.4,46.29,46.33,46.38,265234
1509719400,46.41,46.27,46.335,46.34,318522
1509717600,46.54,46.225,46.35,46.33,662251
1509715800,47.3,46.345,47.25,46.35,1349433
1509651000,47.225,46.965,46.965,47.1,2559620
1509649200,47.01,46.78,46.94,46.97,354136
1509647400,47.13,46.94,47.08,46.94,279791
1509645600,47.08,46.82,46.845,47.08,290059
1509643800,46.9,46.53,46.54,46.84,404015
1509642000,46.59,46.4,46.46,46.54,180480
1509640200,46.51,46.41,46.5,46.46,311608
1509638400,46.58,46.45,46.545,46.5,376696
1509636600,46.555,46.26,46.43,46.55,509071
1509634800,46.475,46.33,46.35,46.44,524758
1509633000,46.56,46.32,46.495,46.35,462390
1509631200,46.61,46.22,46.57,46.5,629722
1509629400,47.15,46.51,46.61,46.57,1505277
1509564600,46.71,46.55,46.57,46.71,3285396
1509562800,46.7,46.495,46.62,46.56,500265
1509561000,46.655,46.36,46.38,46.625,650680
1509559200,46.49,46.11,46.17,46.39,555065
1509557400,46.21,45.995,46.12,46.18,337518
1509555600,46.185,45.97,46.17,46.11,759139
1509553800,46.34,46.13,46.295,46.17,517617
1509552000,46.3,46.125,46.13,46.3,310390
1509550200,46.155,46.02,46.13,46.13,322412
1509548400,46.25,45.88,45.935,46.125,625851
1509546600,46,45.71,45.73,45.93,371569
1509544800,45.8,45.61,45.72,45.74,466087
1509543000,46.08,45.59,45.98,45.71,1803698
1509478200,45.655,45.345,45.6,45.49,3873377
1509476400,45.66,45.55,45.58,45.6,398496
1509474600,45.59,45.44,45.475,45.59,334314
1509472800,45.505,45.395,45.47,45.48,400960
1509471000,45.52,45.34,45.485,45.465,260100
1509469200,45.545,45.43,45.43,45.48,323540
1509467400,45.5,45.4,45.4,45.44,376061
1509465600,45.465,45.29,45.44,45.39,582800
1509463800,45.68,45.415,45.53,45.445,362876
1509462000,45.8,45.5,45.655,45.52,521866
1509460200,45.715,45.39,45.4,45.65,779828
1509458400,45.44,45.02,45.125,45.4,525985
1509456600,45.43,44.65,45.14,45.13,1555201
1509391800,44.41,44.055,44.055,44.37,3332221
1509390000,44.26,44.02,44.25,44.06,436185
1509388200,44.3,44.17,44.195,44.24,310983
1509386400,44.21,44.085,44.095,44.19,315178
1509384600,44.13,43.89,43.93,44.09,416276
1509382800,44.13,43.885,44.11,43.93,433067
1509381000,44.3,44.03,44.19,44.11,357004
1509379200,44.68,44.095,44.68,44.2,649297
1509377400,44.85,44.65,44.815,44.68,326807
1509375600,44.94,44.775,44.81,44.81,397912
1509373800,44.885,44.7,44.855,44.82,654163
1509372000,45.185,44.75,45.02,44.85,1054497
1509370200,45.05,44.47,44.49,45.01,2016860
1509136200,44.81,44.365,44.81,44.4,4565104
1509134400,44.99,44.75,44.82,44.81,652749
1509132600,44.84,44.685,44.77,44.825,363797
1509130800,44.81,44.6,44.66,44.77,463535
1509129000,44.67,44.31,44.32,44.655,438248
1509127200,44.42,44.25,44.3,44.32,281166
1509125400,44.35,44.01,44.05,44.31,409840
1509123600,44.315,44.025,44.035,44.05,684689
1509121800,44.19,43.8,43.82,44.04,824316
1509120000,43.875,43.465,43.5,43.81,768601
1509118200,43.93,43.46,43.65,43.5,917092
1509116400,43.87,43.135,43.27,43.64,1100668
1509114600,43.94,43.1,43.32,43.29,3539339
1509049800,41.55,41.28,41.46,41.35,3506610
1509048000,41.45,41.27,41.35,41.45,414082
1509046200,41.575,41.33,41.42,41.35,548681
1509044400,41.44,41.285,41.33,41.425,334987
1509042600,41.345,41.2,41.22,41.325,328924
1509040800,41.24,41.11,41.14,41.215,168068
1509039000,41.2,41.09,41.17,41.14,206367
1509037200,41.23,41.035,41.1,41.17,395517
1509035400,41.16,40.83,40.85,41.09,416176
1509033600,40.94,40.82,40.85,40.85,308255
1509031800,40.97,40.71,40.795,40.845,396455
1509030000,40.84,40.715,40.8,40.79,430679
1509028200,41.03,40.765,40.96,40.805,789988
1508963400,40.835,40.72,40.83,40.78,2321278
1508961600,40.86,40.75,40.77,40.835,195224
1508959800,40.83,40.76,40.8,40.78,201952
1508958000,40.81,40.7,40.71,40.8,164134
1508956200,40.72,40.65,40.65,40.71,143207
1508954400,40.66,40.585,40.64,40.64,151285
1508952600,40.665,40.49,40.59,40.64,278429
1508950800,40.71,40.57,40.635,40.59,246489
1508949000,40.78,40.575,40.715,40.63,261953
1508947200,40.915,40.675,40.9,40.715,635532
1508945400,41.055,40.83,40.99,40.9,481074
1508943600,41.01,40.83,40.89,40.985,577945
1508941800,40.93,40.68,40.89,40.89,821691
1508877000,40.99,40.86,40.91,40.95,1912154
1508875200,40.94,40.825,40.91,40.9,167261
1508873400,41,40.89,40.98,40.905,143365
1508871600,41.035,40.97,40.975,40.98,149251
1508869800,40.995,40.94,40.94,40.98,134921
1508868000,40.955,40.895,40.91,40.94,115364
1508866200,40.95,40.88,40.89,40.91,113500
1508864400,40.95,40.88,40.95,40.895,148311
1508862600,40.98,40.905,40.92,40.955,177214
1508860800,40.93,40.85,40.87,40.93,221515
1508859000,40.91,40.82,40.875,40.865,226791
1508857200,40.895,40.72,40.75,40.88,234078
1508855400,41.03,40.74,41,40.76,974510
1508790600,40.84,40.685,40.74,40.83,4502651
1508788800,40.865,40.71,40.865,40.74,447599
1508787000,40.86,40.83,40.845,40.86,194417
1508785200,40.86,40.8,40.845,40.84,224581
1508783400,40.91,40.83,40.91,40.845,163818
1508781600,41,40.87,40.995,40.91,250688
1508779800,41.02,40.93,41,40.995,217212
1508778000,41.04,40.87,40.91,40.995,399434
1508776200,40.97,40.74,40.95,40.91,268770
1508774400,40.985,40.74,40.74,40.95,326989
1508772600,40.76,40.625,40.72,40.73,307337
1508770800,40.72,40.56,40.6,40.72,387432
1508769000,40.72,40.4,40.48,40.61,783279
1508531400,40.44,40.32,40.345,40.43,3870559
1508529600,40.355,40.25,40.25,40.35,107309
1508527800,40.305,40.24,40.305,40.24,103419
1508526000,40.3,40.245,40.245,40.3,95368
1508524200,40.31,40.235,40.28,40.245,128768
1508522400,40.28,40.23,40.23,40.28,97030
1508520600,40.245,40.18,40.245,40.23,116887
1508518800,40.255,40.195,40.195,40.25,103328
1508517000,40.2,40.1,40.115,40.2,117656
1508515200,40.2,40.105,40.16,40.11,137819
1508513400,40.29,40.15,40.26,40.15,175986
1508511600,40.38,40.24,40.3,40.26,260515
1508509800,40.41,40.195,40.39,40.305,1372677
1508445000,40.155,40.06,40.115,40.09,2052463
1508443200,40.12,40.06,40.105,40.115,147010
1508441400,40.17,40.1,40.125,40.11,104692
1508439600,40.145,40.08,40.08,40.125,94236
1508437800,40.165,40.075,40.135,40.08,158382
1508436000,40.19,40.125,40.155,40.135,100041
1508434200,40.19,40.09,40.185,40.15,128354
1508432400,40.3,40.165,40.3,40.18,148384
1508430600,40.32,40.24,40.27,40.3,274338
1508428800,40.27,40.145,40.175,40.27,217079
1508427000,40.21,40.02,40.095,40.17,319266
1508425200,40.105,39.84,39.91,40.09,356083
1508423400,40.18,39.87,40,39.915,708391
1508358600,40.29,40.16,40.195,40.25,2390230
1508356800,40.2,40.1,40.12,40.2,223078
1508355000,40.195,40.07,40.185,40.11,243494
1508353200,40.245,40.16,40.195,40.185,182588
1508351400,40.225,40.16,40.175,40.19,176702
1508349600,40.2,39.98,40.05,40.17,203213
1508347800,40.12,39.87,39.87,40.05,523326
1508346000,39.88,39.73,39.735,39.87,82006
1508344200,39.795,39.725,39.73,39.74,85534
1508342400,39.91,39.72,39.84,39.73,140461
1508340600,39.85,39.675,39.68,39.84,123375
1508338800,39.745,39.61,39.73,39.68,164948
1508337000,39.94,39.69,39.82,39.74,662329
1508272200,39.79,39.725,39.735,39.79,2051306
1508270400,39.79,39.71,39.725,39.735,207654
1508268600,39.855,39.71,39.845,39.72,216754
1508266800,39.86,39.635,39.64,39.845,330827
1508265000,39.68,39.63,39.655,39.635,106900
1508263200,39.67,39.595,39.595,39.65,62253
1508261400,39.63,39.575,39.625,39.59,92390
1508259600,39.625,39.58,39.595,39.62,83023
1508257800,39.615,39.515,39.555,39.595,74410
1508256000,39.56,39.465,39.465,39.555,149237
1508254200,39.5,39.415,39.465,39.46,148811
1508252400,39.605,39.45,39.58,39.465,134649
1508250600,39.68,39.38,39.63,39.58,486056
1508185800,39.77,39.69,39.69,39.76,1495065
1508184000,39.765,39.68,39.72,39.69,143765
1508182200,39.765,39.655,39.66,39.73,106796
1508180400,39.675,39.6,39.61,39.66,88929
1508178600,39.615,39.57,39.575,39.605,55814
1508176800,39.585,39.515,39.53,39.58,84933
1508175000,39.545,39.505,39.525,39.53,52694
1508173200,39.55,39.51,39.52,39.53,62936
1508171400,39.575,39.51,39.57,39.515,70927
1508169600,39.59,39.5,39.5,39.57,80490
1508167800,39.565,39.45,39.565,39.51,131875
1508166000,39.67,39.545,39.59,39.57,307637
1508164200,39.79,39.57,39.71,39.59,455300
1507926600,39.745,39.6,39.745,39.67,2529935
1507924800,39.81,39.7,39.7,39.745,293369
1507923000,39.715,39.64,39.69,39.7,130284
1507921200,39.7,39.595,39.595,39.69,192617
1507919400,39.64,39.555,39.555,39.595,106532
1507917600,39.555,39.51,39.53,39.555,36172
1507915800,39.62,39.515,39.565,39.525,117494
1507914000,39.6,39.535,39.55,39.57,79189
1507912200,39.55,39.365,39.38,39.545,107130
1507910400,39.46,39.36,39.45,39.375,134319
1507908600,39.49,39.38,39.49,39.44,129108
1507906800,39.55,39.4,39.42,39.48,220960
1507905000,39.49,39.28,39.34,39.42,453799
1507840200,39.21,39.11,39.21,39.19,2771060
1507838400,39.24,39.185,39.19,39.21,85983
1507836600,39.26,39.18,39.24,39.19,116737
1507834800,39.295,39.235,39.27,39.24,159691
1507833000,39.33,39.265,39.295,39.27,90796
1507831200,39.29,39.23,39.26,39.29,80645
1507829400,39.26,39.195,39.21,39.26,47398
1507827600,39.285,39.21,39.26,39.21,69865
1507825800,39.27,39.125,39.14,39.26,179752
1507824000,39.14,39.025,39.06,39.135,155635
1507822200,39.105,38.98,39.05,39.05,221306
1507820400,39.14,39.04,39.14,39.04,208970
1507818600,39.37,39.12,39.34,39.14,534432
1507753800,39.3,39.18,39.24,39.3,3191660
1507752000,39.285,39.23,39.24,39.24,253171
1507750200,39.285,39.21,39.27,39.24,228027
1507748400,39.38,39.26,39.32,39.27,131425
1507746600,39.355,39.285,39.335,39.32,118522
1507744800,39.445,39.33,39.395,39.33,162060
1507743000,39.415,39.225,39.23,39.4,359976
1507741200,39.32,39.16,39.175,39.22,291782
1507739400,39.18,39.07,39.08,39.17,254953
1507737600,39.175,39.065,39.175,39.08,254556
1507735800,39.27,39.095,39.19,39.18,458228
1507734000,39.44,39.16,39.44,39.19,447077
1507732200,39.65,39.31,39.48,39.445,802199
1507667400,39.665,39.56,39.58,39.65,1352022
1507665600,39.665,39.56,39.56,39.59,179202
1507663800,39.565,39.515,39.515,39.55,98870
1507662000,39.53,39.48,39.485,39.51,88454
1507660200,39.525,39.455,39.465,39.49,58987
1507658400,39.54,39.445,39.445,39.47,140421
1507656600,39.475,39.385,39.405,39.445,101015
1507654800,39.53,39.38,39.53,39.41,144833
1507653000,39.535,39.385,39.41,39.53,212986
1507651200,39.465,39.38,39.46,39.4,160668
1507649400,39.645,39.435,39.635,39.46,231654
1507647600,39.7,39.505,39.7,39.64,345702
1507645800,39.95,39.59,39.93,39.7,847442
1507581000,39.88,39.71,39.72,39.86,4026241
1507579200,39.75,39.69,39.75,39.71,67778
1507577400,39.8,39.74,39.8,39.75,42184
1507575600,39.86,39.765,39.765,39.79,109567
1507573800,39.785,39.715,39.715,39.77,69960
1507572000,39.745,39.685,39.685,39.71,47729
1507570200,39.7,39.645,39.65,39.68,62537
1507568400,39.7,39.6,39.7,39.645,163101
1507566600,39.72,39.67,39.7,39.71,36607
1507564800,39.745,39.655,39.655,39.695,72993
1507563000,39.69,39.615,39.625,39.655,77353
1507561200,39.72,39.53,39.705,39.625,177252
1507559400,39.86,39.695,39.74,39.705,547547
1507321800,39.65,39.58,39.61,39.63,2854885
1507320000,39.615,39.55,39.59,39.605,167756
1507318200,39.64,39.55,39.615,39.58,183464
1507316400,39.61,39.56,39.57,39.61,71561
1507314600,39.6,39.53,39.6,39.565,73501
1507312800,39.62,39.57,39.585,39.605,69071
1507311000,39.625,39.565,39.59,39.585,67949
1507309200,39.6,39.515,39.535,39.6,117968
1507307400,39.55,39.5,39.55,39.54,79576
1507305600,39.615,39.52,39.56,39.55,176567
1507303800,39.69,39.515,39.69,39.555,243429
1507302000,39.69,39.5,39.5,39.69,191140
1507300200,39.89,39.43,39.56,39.51,858455
1507235400,39.55,39.47,39.485,39.53,1890283
1507233600,39.555,39.455,39.47,39.49,171025
1507231800,39.475,39.37,39.375,39.46,141036
1507230000,39.425,39.375,39.425,39.375,83032
1507228200,39.445,39.405,39.44,39.425,72819
1507226400,39.49,39.42,39.455,39.445,84266
1507224600,39.535,39.44,39.46,39.455,95532
1507222800,39.48,39.405,39.435,39.45,128002
1507221000,39.445,39.365,39.37,39.44,180218
1507219200,39.375,39.29,39.29,39.375,208600
1507217400,39.335,39.215,39.305,39.28,130414
1507215600,39.4,39.265,39.32,39.305,188193
1507213800,39.64,39.295,39.5,39.315,674823
1507149000,39.36,39.21,39.21,39.34,2207343
1507147200,39.22,39.12,39.16,39.21,98112
1507145400,39.15,39.07,39.11,39.15,150914
1507143600,39.135,39.08,39.13,39.11,137373
1507141800,39.24,39.085,39.24,39.12,172078
1507140000,39.345,39.16,39.16,39.25,268923
1507138200,39.19,39.105,39.165,39.16,256897
1507136400,39.22,39.11,39.125,39.165,279290
1507134600,39.14,39.025,39.09,39.12,249550
1507132800,39.095,38.89,38.89,39.08,377173
1507131000,39.05,38.87,39.01,38.88,409738
1507129200,39.21,38.965,39.08,39.01,388007
1507127400,39.4,39.01,39.39,39.09,950968
1507062600,39.47,39.325,39.465,39.38,2355046
1507060800,39.46,39.325,39.33,39.46,271676
1507059000,39.53,39.315,39.53,39.335,221177
1507057200,39.58,39.47,39.57,39.53,346519
1507055400,39.655,39.575,39.655,39.58,191267
1507053600,39.7,39.535,39.545,39.65,302488
1507051800,39.575,39.52,39.54,39.55,159165
1507050000,39.59,39.39,39.395,39.54,356021
1507048200,39.4,39.34,39.395,39.4,141748
1507046400,39.46,39.335,39.455,39.395,170013
1507044600,39.55,39.375,39.435,39.45,697239
1507042800,39.435,39.15,39.21,39.435,318153
1507041000,39.31,39.005,39.08,39.21,1167434
1506976200,39.085,38.965,39.075,39.04,3506332
1506974400,39.09,38.97,38.97,39.075,601987
1506972600,38.98,38.92,38.96,38.97,184168
1506970800,38.995,38.905,38.96,38.96,218279
1506969000,38.96,38.815,38.825,38.96,248783
1506967200,38.98,38.815,38.88,38.825,358720
1506965400,38.89,38.71,38.71,38.89,317716
1506963600,38.7,38.55,38.61,38.7,199116
1506961800,38.695,38.565,38.66,38.61,267081
1506960000,38.805,38.62,38.76,38.66,339576
1506958200,38.86,38.655,38.66,38.76,359041
1506956400,38.745,38.56,38.585,38.655,554562
1506954600,38.62,38.09,38.11,38.58,1284973
1506717000,38.1,38.045,38.06,38.08,3018099
1506715200,38.075,38.04,38.07,38.06,75210
1506713400,38.085,38.04,38.06,38.075,165384
1506711600,38.075,38.025,38.04,38.065,106868
1506709800,38.08,38.01,38.075,38.04,156106
1506708000,38.105,38.04,38.07,38.075,62320
1506706200,38.145,38.07,38.13,38.07,57399
1506704400,38.135,38.035,38.045,38.13,133988
1506702600,38.1,37.98,38.05,38.045,241855
1506700800,38.06,37.895,37.91,38.05,399738
1506699000,37.94,37.835,37.86,37.92,223617
1506697200,37.86,37.71,37.735,37.85,266750
1506695400,37.89,37.71,37.84,37.73,726682
1506630600,37.88,37.7,37.775,37.83,2888398
1506628800,37.79,37.71,37.72,37.775,244063
1506627000,37.74,37.68,37.69,37.73,120883
1506625200,37.7,37.64,37.675,37.69,66984
1506623400,37.68,37.65,37.675,37.675,44779
1506621600,37.72,37.675,37.68,37.675,196012
1506619800,37.69,37.645,37.68,37.69,82045
1506618000,37.685,37.645,37.65,37.675,88626
1506616200,37.7,37.64,37.68,37.65,125766
1506614400,37.685,37.595,37.635,37.68,180018
1506612600,37.71,37.61,37.64,37.635,198422
1506610800,37.69,37.54,37.55,37.65,267006
1506609000,37.56,37.3,37.32,37.55,692149
1506544200,37.59,37.47,37.56,37.54,2683395
1506542400,37.595,37.515,37.52,37.56,194700
1506540600,37.565,37.47,37.48,37.52,275165
1506538800,37.485,37.36,37.365,37.48,270767
1506537000,37.37,37.27,37.275,37.36,157705
1506535200,37.31,37.265,37.31,37.27,155278
1506533400,37.31,37.245,37.26,37.31,142405
1506531600,37.28,37.22,37.28,37.27,127114
1506529800,37.295,37.19,37.22,37.28,174794
1506528000,37.345,37.145,37.17,37.22,372728
1506526200,37.23,37.11,37.21,37.175,431413
1506524400,37.38,37.1,37.335,37.22,486631
1506522600,37.69,37.29,37.62,37.33,1147062
1506457800,37.64,37.17,37.19,37.47,6048326
1506456000,37.19,37.13,37.135,37.19,111908
1506454200,37.18,37.12,37.17,37.14,85241
1506452400,37.22,37.165,37.19,37.175,173447
1506450600,37.19,37.115,37.115,37.18,115515
1506448800,37.155,37.05,37.06,37.11,132912
1506447000,37.09,37.03,37.07,37.06,123394
1506445200,37.085,37.03,37.035,37.07,138315
1506443400,37.07,37,37.045,37.035,76644
1506441600,37.09,37.01,37.07,37.04,132842
1506439800,37.13,37,37.005,37.075,228557
1506438000,37.09,37.01,37.05,37.01,169530
1506436200,37.23,37.05,37.21,37.06,478928
1506371400,37.18,37.035,37.035,37.16,4888766
1506369600,37.05,36.95,36.98,37.04,226104
1506367800,36.995,36.915,36.955,36.98,141377
1506366000,37.08,36.94,37.05,36.95,150852
1506364200,37.07,37.035,37.06,37.05,102775
1506362400,37.09,37.045,37.08,37.07,125533
1506360600,37.085,36.975,36.98,37.075,162655
1506358800,36.99,36.85,36.885,36.99,170578
1506357000,36.99,36.86,36.95,36.89,152120
1506355200,36.98,36.89,36.98,36.955,195334
1506353400,37.145,36.95,37.13,36.98,279287
1506351600,37.225,37.11,37.2,37.14,346297
1506349800,37.22,37.04,37.07,37.195,752662
1506112200,37.195,37.065,37.065,37.18,2213475
1506110400,37.14,37.06,37.12,37.07,138711
1506108600,37.14,37.09,37.1,37.115,101320
1506106800,37.1,36.985,37.025,37.095,131579
1506105000,37.115,37.01,37.09,37.02,117404
1506103200,37.145,37.06,37.115,37.09,116304
1506101400,37.16,37.11,37.13,37.12,122418
1506099600,37.165,37.11,37.145,37.13,250744
1506097800,37.18,37.115,37.16,37.14,201119
1506096000,37.19,37.13,37.13,37.16,205783
1506094200,37.155,37.105,37.105,37.125,336456
1506092400,37.18,37.085,37.085,37.105,241512
1506090600,37.21,36.98,36.98,37.085,856056
1506025800,37.255,37.13,37.21,37.2,3551981
1506024000,37.21,37.115,37.135,37.205,227287
1506022200,37.2,37.1,37.2,37.14,121485
1506020400,37.27,37.165,37.215,37.2,131214
1506018600,37.22,37.085,37.085,37.215,239401
1506016800,37.095,37.06,37.07,37.085,100451
1506015000,37.08,37.015,37.03,37.06,107240
1506013200,37.05,36.995,36.995,37.03,112405
1506011400,37.015,36.975,36.975,36.995,94685
1506009600,37.04,36.955,36.985,36.975,119639
1506007800,36.98,36.89,36.98,36.98,171032
1506006000,37.06,36.94,37.01,36.98,206660
1506004200,37.025,36.86,36.99,37.02,634580
1505939400,37.08,36.89,36.89,37.07,5347492
1505937600,36.895,36.79,36.81,36.885,121397
1505935800,36.83,36.68,36.71,36.81,255639
1505934000,36.97,36.66,36.96,36.71,332805
1505932200,36.975,36.94,36.945,36.96,57591
1505930400,36.99,36.925,36.98,36.945,81577
1505928600,37,36.965,36.965,36.985,93904
1505926800,36.97,36.925,36.955,36.965,62129
1505925000,37,36.92,36.92,36.95,103529
1505923200,36.995,36.82,36.99,36.93,237643
1505921400,37.06,36.955,36.97,36.98,135791
1505919600,37.02,36.935,37,36.96,202387
1505917800,37.29,37,37.23,37.01,546994
1505853000,37.245,37.2,37.21,37.23,2588434
1505851200,37.24,37.175,37.21,37.21,123755
1505849400,37.235,37.16,37.22,37.2,135598
1505847600,37.22,37.175,37.185,37.21,120131
1505845800,37.2,37.145,37.145,37.19,75619
1505844000,37.215,37.135,37.215,37.145,114181
1505842200,37.27,37.175,37.265,37.215,111234
1505840400,37.27,37.185,37.19,37.27,117268
1505838600,37.23,37.185,37.19,37.195,95061
1505836800,37.2,37.06,37.2,37.18,131592
1505835000,37.24,37.16,37.21,37.205,160932
1505833200,37.29,37.18,37.19,37.21,387836
1505831400,37.26,37.03,37.25,37.19,768712
1505766600,37.09,37,37.05,37,2254003
1505764800,37.1,37.02,37.04,37.05,157310
1505763000,37.045,36.97,37.02,37.04,112634
1505761200,37.21,37.01,37.2,37.02,211498
1505759400,37.23,37.18,37.18,37.21,116113
1505757600,37.26,37.155,37.25,37.18,155496
1505755800,37.33,37.24,37.315,37.25,120767
1505754000,37.32,37.14,37.14,37.31,348553
1505752200,37.165,37.07,37.1,37.135,209725
1505750400,37.11,37.03,37.035,37.095,163746
1505748600,37.08,36.965,36.99,37.03,169720
1505746800,37.015,36.895,36.97,36.985,224534
1505745000,37.09,36.81,37,36.96,746344
1505507400,37.06,36.845,36.875,37,7402111
1505505600,36.905,36.845,36.865,36.88,127654
1505503800,36.885,36.825,36.865,36.865,128502
1505502000,36.88,36.84,36.88,36.865,64730
1505500200,36.89,36.8,36.825,36.87,84084
1505498400,36.85,36.8,36.81,36.825,80080
1505496600,36.9,36.81,36.895,36.81,109984
1505494800,36.925,36.85,36.89,36.9,163027
1505493000,36.89,36.855,36.855,36.89,119680
1505491200,36.87,36.79,36.83,36.85,258568
1505489400,36.85,36.72,36.8,36.83,273786
1505487600,36.82,36.55,36.56,36.81,318362
1505485800,36.675,36.22,36.56,36.55,7033506
1505421000,36.595,36.45,36.545,36.48,2290309
1505419200,36.6,36.54,36.585,36.55,76572
1505417400,36.615,36.58,36.61,36.585,87976
1505415600,36.66,36.6,36.62,36.61,92322
1505413800,36.64,36.605,36.615,36.62,56238
1505412000,36.63,36.55,36.605,36.615,87078
1505410200,36.66,36.605,36.61,36.605,95946
1505408400,36.61,36.555,36.58,36.61,80339
1505406600,36.64,36.555,36.64,36.57,86245
1505404800,36.69,36.6,36.605,36.64,140828
1505403000,36.665,36.56,36.56,36.6,259995
1505401200,36.565,36.47,36.47,36.555,212395
1505399400,36.475,36.16,36.19,36.47,425012
1505334600,36.34,36.23,36.235,36.33,2198294
1505332800,36.3,36.235,36.255,36.235,141426
1505331000,36.285,36.25,36.27,36.25,71507
1505329200,36.345,36.265,36.34,36.27,68149
1505327400,36.345,36.3,36.325,36.34,32484
1505325600,36.325,36.265,36.32,36.32,95812
1505323800,36.38,36.32,36.35,36.32,51393
1505322000,36.35,36.27,36.27,36.35,58136
1505320200,36.295,36.245,36.28,36.265,60178
1505318400,36.395,36.275,36.335,36.28,134436
1505316600,36.34,36.23,36.265,36.33,102240
1505314800,36.285,36.175,36.19,36.265,146059
1505313000,36.195,35.98,35.98,36.19,408668
1505248200,36.11,36.035,36.035,36.09,2896199
1505246400,36.085,36.02,36.06,36.04,155196
1505244600,36.14,36.015,36.125,36.05,146910
1505242800,36.255,36.13,36.255,36.13,168375
1505241000,36.34,36.245,36.295,36.25,128191
1505239200,36.32,36.275,36.275,36.295,132364
1505237400,36.28,36.2,36.2,36.28,73245
1505235600,36.235,36.17,36.17,36.2,57885
1505233800,36.25,36.155,36.185,36.17,87196
1505232000,36.205,36.145,36.175,36.185,122494
1505230200,36.185,36.04,36.185,36.175,153712
1505228400,36.33,36.15,36.25,36.185,335066
1505226600,36.27,35.75,35.88,36.25,846411
1505161800,35.84,35.73,35.825,35.77,3647954
1505160000,35.85,35.79,35.805,35.825,144889
1505158200,35.85,35.76,35.85,35.8,176389
1505156400,35.925,35.855,35.925,35.86,119532
1505154600,35.96,35.905,35.91,35.925,86364
1505152800,35.95,35.9,35.93,35.9,119969
1505151000,35.995,35.92,35.94,35.93,166445
1505149200,35.97,35.92,35.925,35.935,118436
1505147400,35.94,35.77,35.77,35.93,199651
1505145600,35.83,35.76,35.825,35.76,165044
1505143800,35.87,35.81,35.835,35.82,138271
1505142000,35.86,35.64,35.64,35.83,205261
1505140200,35.68,35.27,35.49,35.64,545721
1504902600,35.24,35.11,35.14,35.19,2386670
1504900800,35.16,35.11,35.13,35.14,101833
1504899000,35.225,35.12,35.19,35.14,101044
1504897200,35.22,35.15,35.22,35.2,98731
1504895400,35.245,35.22,35.245,35.22,50793
1504893600,35.26,35.23,35.235,35.245,24371
1504891800,35.25,35.215,35.22,35.24,58883
1504890000,35.22,35.1,35.13,35.215,119798
1504888200,35.17,35.08,35.15,35.14,141882
1504886400,35.245,35.13,35.195,35.15,108987
1504884600,35.25,35.17,35.25,35.19,135141
1504882800,35.315,35.14,35.31,35.26,237568
1504881000,35.54,35.275,35.53,35.31,404628
1504816200,35.57,35.425,35.465,35.54,2694198
1504814400,35.5,35.435,35.445,35.46,91130
1504812600,35.44,35.39,35.41,35.44,113553
1504810800,35.435,35.37,35.38,35.42,84227
1504809000,35.42,35.36,35.375,35.38,100484
1504807200,35.44,35.35,35.415,35.375,110428
1504805400,35.46,35.395,35.415,35.42,100854
1504803600,35.47,35.39,35.39,35.42,117558
1504801800,35.51,35.33,35.5,35.39,216364
1504800000,35.635,35.46,35.63,35.5,155119
1504798200,35.68,35.525,35.525,35.64,179377
1504796400,35.595,35.37,35.52,35.525,369140
1504794600,35.93,35.52,35.9,35.525,740473
1504729800,35.92,35.74,35.92,35.76,3705120
1504728000,35.935,35.8,35.8,35.925,262795
1504726200,35.8,35.72,35.75,35.795,153156
1504724400,35.78,35.67,35.675,35.76,170369
1504722600,35.73,35.67,35.71,35.68,100863
1504720800,35.805,35.695,35.71,35.71,198772
1504719000,35.72,35.67,35.72,35.71,138962
1504717200,35.735,35.65,35.68,35.72,123433
1504715400,35.7,35.63,35.655,35.675,118085
1504713600,35.68,35.515,35.6,35.66,214668
1504711800,35.79,35.55,35.6,35.6,352046
1504710000,35.89,35.525,35.74,35.595,601169
1504708200,35.87,35.11,35.22,35.74,987546
1504643400,35.06,34.95,35.015,35.02,1976748
1504641600,35.03,34.97,35.005,35.01,164704
1504639800,35.045,34.945,35.03,35,156434
1504638000,35.07,34.99,35.06,35.04,123443
1504636200,35.07,34.995,35.01,35.06,98984
1504634400,35.06,34.93,35.01,35.02,248046
1504632600,35.08,35.005,35.07,35.015,201918
1504630800,35.255,35.06,35.255,35.075,275965
1504629000,35.275,35.19,35.2,35.25,133489
1504627200,35.315,35.18,35.315,35.2,183922
1504625400,35.325,35.16,35.16,35.315,249636
1504623600,35.255,35.14,35.15,35.16,346821
1504621800,35.2,35.01,35.03,35.16,716501
1504297800,35.14,35.07,35.1,35.09,2375855
1504296000,35.125,35.105,35.11,35.105,59373
1504294200,35.135,35.1,35.135,35.11,62219
1504292400,35.175,35.13,35.175,35.135,96810
1504290600,35.2,35.17,35.185,35.17,72098
1504288800,35.21,35.18,35.2,35.185,50697
1504287000,35.215,35.18,35.2,35.21,63423
1504285200,35.2,35.15,35.185,35.2,69400
1504283400,35.19,35.15,35.15,35.185,79672
1504281600,35.195,35.125,35.16,35.15,124443
1504279800,35.24,35.16,35.215,35.16,193399
1504278000,35.25,35.13,35.23,35.215,409532
1504276200,35.39,35.2,35.24,35.22,895241
1504211400,35.13,35.04,35.085,35.07,3131208
1504209600,35.095,35.03,35.085,35.09,78223
1504207800,35.105,35.07,35.075,35.085,80874
1504206000,35.08,35.035,35.08,35.075,138459
1504204200,35.1,35.065,35.08,35.09,122741
1504202400,35.13,35.07,35.125,35.08,101271
1504200600,35.165,35.12,35.16,35.12,97178
1504198800,35.175,35.115,35.12,35.16,110371
1504197000,35.12,35.05,35.08,35.115,147735
1504195200,35.14,35.05,35.08,35.09,142598
1504193400,35.11,35.03,35.03,35.08,260417
1504191600,35.11,34.925,34.945,35.03,210371
1504189800,35.03,34.88,34.94,34.95,506404
1504125000,34.96,34.865,34.94,34.89,3968645
1504123200,34.96,34.93,34.94,34.95,98473
1504121400,34.955,34.905,34.92,34.94,117647
1504119600,34.935,34.85,34.87,34.915,152593
1504117800,34.875,34.73,34.74,34.875,135989
1504116000,34.75,34.68,34.68,34.75,184446
1504114200,34.71,34.67,34.68,34.69,124141
1504112400,34.685,34.66,34.685,34.68,79139
1504110600,34.7,34.66,34.69,34.685,145058
1504108800,34.7,34.67,34.695,34.695,77535
1504107000,34.75,34.65,34.74,34.7,199696
1504105200,34.79,34.725,34.79,34.74,187613
1504103400,34.795,34.63,34.75,34.79,431377
1504038600,34.74,34.695,34.715,34.73,1578107
1504036800,34.72,34.675,34.7,34.71,183086
1504035000,34.735,34.6,34.61,34.705,219395
1504033200,34.62,34.565,34.58,34.61,149297
1504031400,34.6,34.57,34.59,34.58,176362
1504029600,34.595,34.57,34.58,34.59,178081
1504027800,34.62,34.575,34.6,34.58,115209
1504026000,34.62,34.55,34.56,34.6,199157
1504024200,34.56,34.51,34.51,34.56,187784
1504022400,34.55,34.5,34.54,34.5,153602
1504020600,34.555,34.48,34.5,34.53,313286
1504018800,34.6,34.47,34.565,34.5,205152
1504017000,34.615,34.46,34.51,34.56,618346
1503952200,34.655,34.605,34.65,34.65,4075389
1503950400,34.65,34.59,34.63,34.645,148331
1503948600,34.65,34.62,34.64,34.62,100007
1503946800,34.655,34.625,34.64,34.64,155108
1503945000,34.65,34.63,34.645,34.65,126667
1503943200,34.65,34.63,34.645,34.645,75603
1503941400,34.67,34.63,34.655,34.64,127303
1503939600,34.66,34.625,34.64,34.655,181186
1503937800,34.66,34.64,34.65,34.645,163861
1503936000,34.68,34.63,34.68,34.645,168564
1503934200,34.695,34.645,34.695,34.675,409686
1503932400,34.735,34.675,34.72,34.695,206541
1503930600,34.795,34.695,34.78,34.72,457036
1503693000,34.73,34.65,34.725,34.67,3628634
1503691200,34.75,34.645,34.7,34.725,126578
1503689400,34.705,34.69,34.69,34.7,87016
1503687600,34.695,34.67,34.68,34.69,109735
1503685800,34.69,34.66,34.685,34.68,62812
1503684000,34.69,34.65,34.68,34.685,86397
1503682200,34.69,34.63,34.69,34.675,93386
1503680400,34.7,34.64,34.64,34.69,114398
1503678600,34.67,34.59,34.62,34.64,85037
1503676800,34.68,34.59,34.655,34.625,195962
1503675000,34.78,34.65,34.77,34.66,221592
1503673200,34.88,34.765,34.8,34.765,309484
1503671400,34.93,34.775,34.82,34.8,432068
1503606600,34.72,34.67,34.7,34.71,1924718
1503604800,34.72,34.645,34.7,34.7,181978
1503603000,34.705,34.655,34.66,34.7,61698
1503601200,34.695,34.6,34.69,34.66,96966
1503599400,34.71,34.68,34.7,34.685,109054
1503597600,34.75,34.67,34.69,34.7,69196
1503595800,34.73,34.64,34.64,34.69,76801
1503594000,34.67,34.615,34.64,34.65,82616
1503592200,34.66,34.555,34.66,34.63,209019
1503590400,34.825,34.63,34.77,34.66,267520
1503588600,34.89,34.78,34.84,34.78,130178
1503586800,34.88,34.68,34.685,34.84,341133
1503585000,34.83,34.665,34.69,34.69,403702
1503520200,34.79,34.65,34.715,34.66,3840450
1503518400,34.725,34.63,34.655,34.715,108710
1503516600,34.68,34.6,34.61,34.66,96331
1503514800,34.64,34.58,34.59,34.61,180249
1503513000,34.645,34.59,34.635,34.6,122601
1503511200,34.655,34.585,34.645,34.64,133304
1503509400,34.65,34.605,34.63,34.64,96419
1503507600,34.74,34.62,34.74,34.62,127934
1503505800,34.78,34.71,34.78,34.75,175563
1503504000,34.81,34.705,34.71,34.78,226940
1503502200,34.71,34.54,34.565,34.71,226270
1503500400,34.64,34.505,34.555,34.57,292270
1503498600,34.58,34.38,34.54,34.56,1086676
1503433800,34.72,34.63,34.645,34.65,3045201
1503432000,34.705,34.625,34.7,34.645,388133
1503430200,34.81,34.7,34.75,34.7,291694
1503428400,34.77,34.69,34.74,34.76,181293
1503426600,34.78,34.72,34.735,34.74,161643
1503424800,34.77,34.69,34.76,34.735,202347
1503423000,34.795,34.74,34.77,34.76,122976
1503421200,34.83,34.75,34.765,34.775,240393
1503419400,34.885,34.75,34.835,34.76,321278
1503417600,34.925,34.825,34.89,34.83,325154
1503415800,35.01,34.875,35.005,34.885,307327
1503414000,35.105,34.96,35.095,35.005,377936
1503412200,35.19,35.02,35.02,35.1,521766
1503347400,34.96,34.81,34.825,34.92,5896254
1503345600,34.825,34.7,34.79,34.82,227567
1503343800,34.855,34.775,34.83,34.795,121109
1503342000,34.845,34.805,34.84,34.825,94980
1503340200,34.89,34.805,34.845,34.84,108571
1503338400,34.94,34.835,34.94,34.84,110317
1503336600,34.99,34.925,34.93,34.94,123226
1503334800,34.99,34.91,34.955,34.94,112968
1503333000,35.04,34.95,35.005,34.96,134949
1503331200,35.035,34.89,34.94,35.01,194171
1503329400,34.99,34.88,34.88,34.94,245601
1503327600,35.095,34.88,35.095,34.88,579401
1503325800,35.27,35.02,35.09,35.095,804427
1503088200,35.175,35.01,35.14,35.01,1540739
1503086400,35.14,35.085,35.085,35.14,134063
1503084600,35.14,35.075,35.13,35.085,110515
1503082800,35.14,35.04,35.04,35.12,106603
1503081000,35.16,35.03,35.14,35.03,124323
1503079200,35.205,35.13,35.195,35.135,102581
1503077400,35.245,35.15,35.165,35.19,153588
1503075600,35.22,35.08,35.22,35.17,90431
1503073800,35.245,35.11,35.12,35.21,153667
1503072000,35.14,34.99,35.125,35.13,250336
1503070200,35.145,35.08,35.14,35.13,128980
1503068400,35.21,35.06,35.06,35.15,218099
1503066600,35.31,35.05,35.2,35.05,2012126
1503001800,35.33,35.17,35.27,35.17,2263103
1503000000,35.32,35.25,35.32,35.27,199504
1502998200,35.36,35.275,35.36,35.325,183646
1502996400,35.395,35.3,35.39,35.36,154483
1502994600,35.4,35.34,35.37,35.38,137894
1502992800,35.39,35.335,35.39,35.37,149152
1502991000,35.49,35.39,35.47,35.39,259599
1502989200,35.505,35.44,35.5,35.475,195305
1502987400,35.565,35.5,35.545,35.5,184086
1502985600,35.59,35.475,35.48,35.53,237013
1502983800,35.535,35.43,35.47,35.47,297007
1502982000,35.585,35.385,35.58,35.47,396492
1502980200,35.675,35.5,35.6,35.59,561838
1502915400,35.825,35.7,35.71,35.81,2171600
1502913600,35.73,35.655,35.67,35.71,196168
1502911800,35.69,35.57,35.6,35.67,333554
1502910000,35.77,35.57,35.65,35.61,404896
1502908200,35.685,35.6,35.615,35.655,229202
1502906400,35.71,35.595,35.675,35.61,325269
1502904600,35.805,35.64,35.785,35.675,213030
1502902800,35.83,35.78,35.795,35.785,144427
1502901000,35.835,35.72,35.79,35.795,298381
1502899200,35.875,35.75,35.865,35.79,254604
1502897400,35.9,35.785,35.89,35.86,329180
1502895600,35.975,35.855,35.885,35.895,188784
1502893800,36.07,35.885,35.98,35.885,617487
1502829000,36.01,35.905,35.905,36,2258724
1502827200,35.93,35.86,35.87,35.9,164011
1502825400,35.92,35.86,35.92,35.87,168491
1502823600,35.93,35.815,35.83,35.93,154279
1502821800,35.915,35.83,35.85,35.83,116530
1502820000,35.93,35.85,35.93,35.85,147509
1502818200,35.965,35.92,35.94,35.92,100095
1502816400,35.96,35.85,35.885,35.93,182628
1502814600,36,35.88,35.985,35.885,280931
1502812800,36.1,35.97,36.05,35.99,229501
1502811000,36.105,35.955,36.015,36.05,254632
1502809200,36.17,36.01,36.1,36.015,248790
1502807400,36.31,36,36.3,36.09,878311
1502742600,36.39,36.31,36.375,36.34,2431978
1502740800,36.38,36.28,36.3,36.38,190618
1502739000,36.35,36.28,36.335,36.295,143010
1502737200,36.37,36.32,36.37,36.34,131178
1502735400,36.38,36.33,36.36,36.365,179812
1502733600,36.42,36.35,36.36,36.37,119446
1502731800,36.465,36.35,36.455,36.355,134608
1502730000,36.455,36.355,36.355,36.455,298361
1502728200,36.36,36.23,36.23,36.355,151794
1502726400,36.235,36.13,36.225,36.23,267490
1502724600,36.32,36.22,36.29,36.225,219885
1502722800,36.34,36.15,36.19,36.29,329643
1502721000,36.255,36.09,36.13,36.19,653862
1502483400,35.89,35.83,35.855,35.87,1973386
1502481600,35.88,35.79,35.85,35.855,208603
1502479800,35.9,35.825,35.885,35.84,194992
1502478000,35.965,35.87,35.88,35.885,183870
1502476200,35.965,35.855,35.945,35.875,253359
1502474400,35.995,35.94,35.965,35.945,135883
1502472600,36.035,35.955,36.005,35.965,127413
1502470800,36.085,35.955,35.965,36.005,150083
1502469000,36.045,35.95,35.95,35.965,248624
1502467200,36.105,35.94,36.085,35.95,290274
1502465400,36.21,36.08,36.16,36.09,248270
1502463600,36.29,36.12,36.22,36.15,296193
1502461800,36.4,36.1,36.14,36.23,1010541
1502397000,36.305,36.11,36.285,36.14,2769404
1502395200,36.385,36.245,36.36,36.28,346564
1502393400,36.5,36.34,36.455,36.35,219405
1502391600,36.46,36.355,36.395,36.455,190414
1502389800,36.465,36.34,36.465,36.395,213765
1502388000,36.475,36.39,36.42,36.46,175027
1502386200,36.43,36.32,36.42,36.42,249443
1502384400,36.475,36.34,36.435,36.43,258079
1502382600,36.505,36.42,36.48,36.44,166092
1502380800,36.51,36.42,36.465,36.49,181492
1502379000,36.555,36.42,36.45,36.47,235451
1502377200,36.495,36.35,36.39,36.445,561752
1502375400,36.42,36.24,36.37,36.38,664358
1502310600,36.62,36.55,36.575,36.59,1726550
1502308800,36.63,36.54,36.565,36.57,239804
1502307000,36.565,36.46,36.51,36.56,497094
1502305200,36.56,36.49,36.555,36.51,224958
1502303400,36.575,36.52,36.565,36.55,170979
1502301600,36.565,36.51,36.53,36.56,167891
1502299800,36.655,36.53,36.56,36.53,311719
1502298000,36.59,36.425,36.43,36.57,243205
1502296200,36.455,36.35,36.36,36.44,162016
1502294400,36.43,36.325,36.41,36.36,185461
1502292600,36.42,36.27,36.275,36.41,259217
1502290800,36.325,36.19,36.21,36.27,343142
1502289000,36.25,36.03,36.21,36.2,1069977
1502224200,36.42,36.3,36.38,36.41,2219059
1502222400,36.475,36.36,36.455,36.38,237355
1502220600,36.49,36.44,36.485,36.455,223939
1502218800,36.535,36.47,36.48,36.48,283650
1502217000,36.505,36.41,36.42,36.475,147887
1502215200,36.56,36.425,36.525,36.43,288489
1502213400,36.62,36.525,36.62,36.525,129369
1502211600,36.685,36.6,36.68,36.61,174762
1502209800,36.69,36.59,36.615,36.68,249119
1502208000,36.65,36.605,36.615,36.61,192186
1502206200,36.62,36.515,36.53,36.62,244311
1502204400,36.575,36.46,36.48,36.52,213210
1502202600,36.54,36.31,36.37,36.475,608148
1502137800,36.45,36.38,36.43,36.43,2668983
1502136000,36.445,36.4,36.43,36.435,73718
1502134200,36.44,36.39,36.39,36.43,164606
1502132400,36.405,36.35,36.4,36.39,208008
1502130600,36.415,36.365,36.385,36.405,147567
1502128800,36.41,36.34,36.355,36.39,166806
1502127000,36.39,36.32,36.365,36.35,178181
1502125200,36.39,36.34,36.36,36.365,104142
1502123400,36.43,36.33,36.335,36.36,243141
1502121600,36.34,36.22,36.245,36.33,203606
1502119800,36.29,36.22,36.29,36.25,180553
1502118000,36.37,36.265,36.3,36.29,253302
1502116200,36.54,36.28,36.4,36.3,544997
1501878600,36.34,36.21,36.25,36.3,2757996
1501876800,36.32,36.26,36.27,36.26,106232
1501875000,36.28,36.13,36.145,36.275,201604
1501873200,36.18,36.115,36.12,36.15,134869
1501871400,36.14,36.1,36.12,36.12,145695
1501869600,36.2,36.12,36.19,36.12,119934
1501867800,36.27,36.185,36.27,36.19,141929
1501866000,36.325,36.27,36.325,36.27,97631
1501864200,36.325,36.24,36.245,36.32,91843
1501862400,36.3,36.18,36.2,36.245,200153
1501860600,36.26,36.17,36.26,36.21,287535
1501858800,36.27,36.15,36.26,36.26,357446
1501857000,36.56,36.25,36.56,36.25,788669
1501792200,36.575,36.41,36.56,36.49,2651429
1501790400,36.59,36.465,36.49,36.56,276447
1501788600,36.53,36.465,36.49,36.49,210590
1501786800,36.49,36.33,36.335,36.485,299456
1501785000,36.35,36.275,36.28,36.335,328803
1501783200,36.31,36.245,36.31,36.28,202736
1501781400,36.36,36.3,36.31,36.305,175339
1501779600,36.31,36.215,36.215,36.31,176964
1501777800,36.28,36.2,36.2,36.215,131027
1501776000,36.35,36.205,36.31,36.21,235849
1501774200,36.35,36.185,36.21,36.31,213659
1501772400,36.315,36.155,36.315,36.21,664587
1501770600,36.55,36.28,36.5,36.33,835349
1501705800,36.64,36.52,36.575,36.64,3172604
1501704000,36.67,36.51,36.645,36.57,297936
1501702200,36.665,36.58,36.615,36.65,299913
1501700400,36.65,36.495,36.525,36.62,394442
1501698600,36.545,36.43,36.47,36.52,254184
1501696800,36.515,36.395,36.41,36.475,469096
1501695000,36.42,36.36,36.37,36.405,210470
1501693200,36.42,36.36,36.38,36.365,167169
1501691400,36.375,36.315,36.345,36.375,226484
1501689600,36.355,36.21,36.29,36.345,456127
1501687800,36.29,36.055,36.24,36.29,557251
1501686000,36.46,36.205,36.335,36.235,504034
1501684200,36.445,36.21,36.33,36.33,984417
1501619400,36.36,36.22,36.3,36.35,3702232
1501617600,36.41,36.235,36.395,36.3,556906
1501615800,36.42,36.25,36.275,36.395,533842
1501614000,36.28,36.17,36.24,36.275,221202
1501612200,36.29,36.17,36.195,36.24,454386
1501610400,36.22,36.075,36.08,36.2,464078
1501608600,36.08,35.97,35.98,36.075,259699
1501606800,36.035,35.985,36.015,35.99,275402
1501605000,36.02,35.9,35.9,36.02,591797
1501603200,35.94,35.795,35.835,35.9,400408
1501601400,35.85,35.685,35.685,35.84,293416
1501599600,35.775,35.57,35.69,35.685,639131
1501597800,35.745,35.595,35.68,35.7,886857
1501533000,35.535,35.41,35.475,35.47,5268914
1501531200,35.515,35.45,35.45,35.47,210195
1501529400,35.49,35.405,35.425,35.455,165775
1501527600,35.455,35.37,35.415,35.425,134821
1501525800,35.465,35.34,35.42,35.415,146371
1501524000,35.475,35.375,35.47,35.42,188159
1501522200,35.53,35.435,35.465,35.47,221391
1501520400,35.475,35.4,35.455,35.465,200787
1501518600,35.55,35.415,35.415,35.455,214305
1501516800,35.435,35.36,35.39,35.415,206691
1501515000,35.46,35.325,35.39,35.38,357659
1501513200,35.645,35.39,35.63,35.39,559900
1501511400,35.735,35.42,35.47,35.62,860444
1501273800,35.32,35.17,35.2,35.31,2077354
1501272000,35.22,35.17,35.18,35.205,234516
1501270200,35.195,35.09,35.095,35.18,192838
1501268400,35.24,35.07,35.2,35.1,294386
1501266600,35.29,35.195,35.2,35.2,215813
1501264800,35.27,35.14,35.245,35.205,202233
1501263000,35.455,35.22,35.4,35.24,283307
1501261200,35.425,35.33,35.35,35.395,203740
1501259400,35.345,35.25,35.34,35.34,150383
1501257600,35.355,35.14,35.25,35.35,332281
1501255800,35.43,35.125,35.395,35.24,477192
1501254000,35.64,35.32,35.46,35.4,747523
1501252200,35.86,35,35.03,35.46,2157654
1501187400,35.075,34.91,34.99,34.97,5099602
1501185600,35,34.86,34.92,34.99,408704
1501183800,34.945,34.805,34.91,34.92,253828
1501182000,34.915,34.69,34.72,34.91,436995
1501180200,34.83,34.68,34.8,34.72,483678
1501178400,34.855,34.71,34.79,34.81,532039
1501176600,35.01,34.73,35.01,34.78,514152
1501174800,35.01,34.905,34.965,35.01,346572
1501173000,35.03,34.945,34.95,34.965,194028
1501171200,35.08,34.95,35.08,34.95,208553
1501169400,35.25,34.965,34.975,35.085,572132
1501167600,35.08,34.84,34.91,34.975,532989
1501165800,34.975,34.75,34.79,34.905,714220
1501101000,34.78,34.695,34.755,34.75,1515733
1501099200,34.77,34.73,34.73,34.755,193643
1501097400,34.775,34.7,34.73,34.73,169292
1501095600,34.735,34.65,34.65,34.735,210479
1501093800,34.695,34.65,34.68,34.65,56241
1501092000,34.7,34.6,34.605,34.68,120262
1501090200,34.64,34.595,34.64,34.605,97819
1501088400,34.68,34.605,34.65,34.64,101373
1501086600,34.71,34.6,34.6,34.66,241157
1501084800,34.68,34.59,34.65,34.59,75717
1501083000,34.73,34.63,34.68,34.645,203601
1501081200,34.755,34.67,34.73,34.67,166511
1501079400,34.96,34.7,34.73,34.73,599107
1501014600,34.68,34.6,34.615,34.67,2600121
1501012800,34.66,34.6,34.61,34.61,92539
1501011000,34.695,34.61,34.695,34.61,95319
1501009200,34.72,34.67,34.685,34.7,56165
1501007400,34.735,34.685,34.715,34.685,74023
1501005600,34.725,34.685,34.695,34.715,77955
1501003800,34.705,34.67,34.705,34.695,83974
1501002000,34.73,34.67,34.7,34.705,144665
1501000200,34.71,34.64,34.66,34.71,135800
1500998400,34.695,34.62,34.625,34.66,240410
1500996600,34.65,34.55,34.58,34.63,248368
1500994800,34.585,34.455,34.56,34.575,332677
1500993000,34.68,34.4,34.55,34.56,836389
1500928200,34.535,34.48,34.495,34.5,2195371
1500926400,34.5,34.45,34.495,34.495,105898
1500924600,34.505,34.48,34.485,34.495,88999
1500922800,34.495,34.425,34.425,34.485,74075
1500921000,34.46,34.42,34.445,34.425,60868
1500919200,34.485,34.38,34.485,34.445,291563
1500917400,34.515,34.465,34.48,34.485,80255
1500915600,34.535,34.49,34.52,34.49,80083
1500913800,34.585,34.51,34.52,34.525,142711
1500912000,34.625,34.51,34.58,34.51,230797
1500910200,34.7,34.59,34.7,34.59,158842
1500908400,34.785,34.7,34.75,34.705,202340
1500906600,34.795,34.61,34.73,34.75,672538
1500669000,34.74,34.68,34.7,34.73,3789892
1500667200,34.705,34.67,34.68,34.7,90845
1500665400,34.72,34.68,34.705,34.68,43527
1500663600,34.72,34.665,34.72,34.71,82075
1500661800,34.735,34.695,34.715,34.73,86254
1500660000,34.76,34.64,34.64,34.72,354580
1500658200,34.665,34.62,34.63,34.65,68605
1500656400,34.66,34.61,34.63,34.635,68240
1500654600,34.62,34.55,34.57,34.62,141610
1500652800,34.57,34.41,34.45,34.57,183315
1500651000,34.51,34.42,34.45,34.44,183233
1500649200,34.495,34.4,34.44,34.45,288080
1500647400,34.82,34.43,34.54,34.44,2151185
1500582600,34.83,34.75,34.765,34.75,4017292
1500580800,34.765,34.71,34.71,34.765,96273
1500579000,34.725,34.66,34.69,34.705,122674
1500577200,34.7,34.675,34.69,34.69,46289
1500575400,34.715,34.66,34.69,34.695,112881
1500573600,34.7,34.625,34.68,34.695,85414
1500571800,34.695,34.625,34.655,34.67,137118
1500570000,34.665,34.6,34.63,34.66,138478
1500568200,34.635,34.54,34.57,34.625,144164
1500566400,34.62,34.555,34.585,34.57,99044
1500564600,34.605,34.49,34.57,34.585,248328
1500562800,34.58,34.515,34.56,34.57,118601
1500561000,34.67,34.475,34.67,34.55,515699
1500496200,34.56,34.51,34.55,34.56,3776980
1500494400,34.56,34.49,34.525,34.54,152900
1500492600,34.545,34.51,34.52,34.525,101842
1500490800,34.555,34.49,34.5,34.52,125518
1500489000,34.58,34.5,34.545,34.5,93872
1500487200,34.56,34.505,34.505,34.55,62515
1500485400,34.575,34.46,34.57,34.5,139834
1500483600,34.62,34.55,34.605,34.575,166957
1500481800,34.61,34.555,34.56,34.605,136632
1500480000,34.625,34.55,34.55,34.55,143092
1500478200,34.64,34.545,34.64,34.55,144859
1500476400,34.675,34.575,34.64,34.64,170772
1500474600,34.68,34.47,34.68,34.64,491807
1500409800,34.53,34.46,34.49,34.53,1651515
1500408000,34.525,34.46,34.525,34.48,104260
1500406200,34.53,34.49,34.5,34.53,84506
1500404400,34.51,34.475,34.475,34.5,97908
1500402600,34.48,34.43,34.43,34.48,79696
1500400800,34.445,34.4,34.42,34.425,54653
1500399000,34.485,34.41,34.47,34.425,59529
1500397200,34.495,34.45,34.485,34.48,93164
1500395400,34.545,34.48,34.5,34.485,111514
1500393600,34.51,34.425,34.46,34.5,133981
1500391800,34.525,34.39,34.525,34.47,297731
1500390000,34.58,34.44,34.46,34.525,416016
1500388200,34.48,34.25,34.36,34.46,775653
1500323400,34.54,34.45,34.475,34.47,4238241
1500321600,34.51,34.46,34.495,34.47,130598
1500319800,34.505,34.465,34.48,34.495,118827
1500318000,34.515,34.45,34.47,34.49,104247
1500316200,34.46,34.38,34.42,34.46,142512
1500314400,34.485,34.41,34.415,34.42,101990
1500312600,34.43,34.38,34.425,34.415,75720
1500310800,34.48,34.42,34.445,34.43,87494
1500309000,34.445,34.375,34.41,34.44,72440
1500307200,34.455,34.365,34.44,34.41,187607
1500305400,34.565,34.425,34.555,34.445,214243
1500303600,34.615,34.5,34.55,34.56,234640
1500301800,34.74,34.44,34.65,34.55,649004
1500064200,34.71,34.585,34.585,34.68,2569326
1500062400,34.59,34.54,34.555,34.585,116550
1500060600,34.61,34.54,34.605,34.555,90756
1500058800,34.615,34.51,34.515,34.61,152388
1500057000,34.54,34.495,34.515,34.51,74549
1500055200,34.535,34.46,34.495,34.51,102008
1500053400,34.52,34.455,34.455,34.495,84826
1500051600,34.46,34.405,34.445,34.455,53076
1500049800,34.475,34.435,34.435,34.445,84860
1500048000,34.46,34.36,34.46,34.44,80632
1500046200,34.47,34.345,34.365,34.47,84696
1500044400,34.39,34.32,34.32,34.36,114561
1500042600,34.48,34.27,34.46,34.32,763972
1499977800,34.295,34.23,34.275,34.24,3111953
1499976000,34.29,34.225,34.28,34.275,96870
1499974200,34.315,34.22,34.23,34.29,140589
1499972400,34.275,34.12,34.19,34.23,201257
1499970600,34.285,34.16,34.265,34.195,239691
1499968800,34.31,34.215,34.305,34.26,160323
1499967000,34.32,34.275,34.285,34.31,57647
1499965200,34.3,34.245,34.245,34.285,116217
1499963400,34.265,34.165,34.17,34.245,215739
1499961600,34.26,34.17,34.2,34.17,88857
1499959800,34.275,34.145,34.15,34.2,118610
1499958000,34.395,34.15,34.385,34.15,276713
1499956200,34.395,34.27,34.33,34.38,442919
1499891400,34.29,34.185,34.26,34.25,2566061
1499889600,34.3,34.23,34.235,34.26,167723
1499887800,34.295,34.21,34.285,34.23,175489
1499886000,34.29,34.22,34.235,34.29,144803
1499884200,34.235,34.16,34.185,34.235,148299
1499882400,34.195,34.11,34.11,34.185,135924
1499880600,34.145,34.07,34.145,34.1,141983
1499878800,34.17,34.1,34.12,34.14,119254
1499877000,34.18,34,34.065,34.115,440273
1499875200,34.085,33.995,33.995,34.07,131216
1499873400,34.07,33.94,34.065,33.995,442447
1499871600,34.175,34.035,34.145,34.06,416036
1499869800,34.39,34.14,34.29,34.145,1289930
1499805000,33.93,33.83,33.83,33.92,4136338
1499803200,33.87,33.78,33.795,33.825,188708
1499801400,33.835,33.76,33.82,33.795,174146
1499799600,33.835,33.71,33.71,33.83,190867
1499797800,33.72,33.605,33.645,33.7,157220
1499796000,33.69,33.65,33.655,33.65,103283
1499794200,33.73,33.66,33.675,33.66,124461
1499792400,33.68,33.565,33.58,33.67,142763
1499790600,33.6,33.46,33.54,33.585,187120
1499788800,33.67,33.44,33.58,33.54,420819
1499787000,33.705,33.51,33.685,33.57,295318
1499785200,33.79,33.6,33.635,33.69,241347
1499783400,33.71,33.55,33.65,33.63,712003
1499718600,33.68,33.545,33.545,33.65,2568430
1499716800,33.595,33.53,33.56,33.545,159427
1499715000,33.585,33.47,33.495,33.565,172763
1499713200,33.51,33.475,33.475,33.495,134453
1499711400,33.51,33.43,33.44,33.475,161936
1499709600,33.485,33.42,33.485,33.43,123887
1499707800,33.525,33.455,33.495,33.485,105898
1499706000,33.515,33.425,33.47,33.495,139604
1499704200,33.53,33.45,33.505,33.47,157051
1499702400,33.625,33.5,33.615,33.505,152603
1499700600,33.625,33.525,33.61,33.62,249437
1499698800,33.74,33.48,33.5,33.615,715489
1499697000,33.52,33.24,33.27,33.51,1592200
1499459400,33.94,33.88,33.88,33.88,2337315
1499457600,33.91,33.85,33.86,33.88,208425
1499455800,33.935,33.86,33.91,33.86,210684
1499454000,34.09,33.91,34.08,33.91,185611
1499452200,34.115,34.04,34.045,34.075,114185
1499450400,34.04,33.94,33.95,34.04,151679
1499448600,33.985,33.91,33.975,33.94,155344
1499446800,34.015,33.95,33.955,33.97,96821
1499445000,33.99,33.88,33.88,33.95,120043
1499443200,33.905,33.8,33.82,33.88,158191
1499441400,33.995,33.82,33.965,33.82,264893
1499439600,33.995,33.83,33.98,33.96,212391
1499437800,34.035,33.75,33.77,33.98,918413
1499373000,33.695,33.565,33.66,33.63,2293526
1499371200,33.795,33.66,33.78,33.66,218850
1499369400,33.79,33.69,33.73,33.775,137105
1499367600,33.825,33.725,33.82,33.735,157118
1499365800,33.925,33.805,33.925,33.815,139985
1499364000,33.95,33.895,33.91,33.93,135470
1499362200,33.95,33.84,33.855,33.91,153090
1499360400,33.95,33.845,33.925,33.86,146740
1499358600,34.05,33.915,33.94,33.925,176688
1499356800,33.95,33.8,33.84,33.93,318430
1499355000,33.925,33.775,33.85,33.84,255226
1499353200,34.07,33.82,34.01,33.85,395991
1499351400,34.29,33.95,34.18,34.02,1078206
